#{"t_start": 1520637273.3748374, "env_id": "MountainCarContinuous-v0"}
r,l,t
-105.26645,999,1.447258
-109.638315,999,2.160837
-92.095487,999,3.521339
-94.391729,999,4.244308
-74.500829,999,5.472886
-79.064263,999,6.177405
-71.814399,999,7.399249
-69.269368,999,8.105917
-63.394226,999,9.352346
-64.822271,999,10.05692
-58.749433,999,11.283529
-55.370603,999,11.99424
-53.67124,999,13.235669
-52.418427,999,13.936098
-45.468287,999,15.170901
-45.053533,999,15.870381
-39.845796,999,17.111828
-37.141069,999,17.802365
71.343652,793,18.885651
66.358552,933,19.540252
-32.46449,999,20.830687
83.625112,490,21.18184
71.065994,910,21.809738
69.156303,899,23.003328
85.802143,414,23.293434
86.280063,471,23.618369
82.328697,514,23.976916
80.551128,594,24.934269
86.289779,441,25.278213
86.549081,402,25.557919
81.622942,627,26.001446
86.982448,411,26.848597
84.364001,520,27.227649
86.765742,378,27.491619
87.127632,399,27.771318
85.760493,465,28.112986
85.883777,435,28.981521
89.712884,313,29.205234
86.96574,428,29.53525
90.710241,308,29.762787
81.977161,529,30.150197
88.595219,320,30.939398
88.324787,331,31.174097
87.530745,334,31.41731
88.799706,333,31.658377
91.378131,265,31.845921
89.413201,271,32.052258
88.639067,336,32.816222
92.057545,248,32.992165
89.378986,424,33.276808
92.611139,236,33.439641
90.135356,262,33.623345
92.082043,275,33.833905
91.983483,287,34.051398
89.342593,363,34.814167
92.118278,223,34.975436
93.191391,187,35.102916
92.403626,260,35.293068
88.640227,331,35.536825
93.530615,158,35.671179
90.645336,313,35.91014
90.870692,313,36.159566
88.927321,370,36.961276
88.489204,376,37.27074
89.601002,355,37.532841
87.550532,402,37.838677
92.300031,269,38.04296
91.056729,246,38.239949
91.498865,300,38.947053
92.567357,249,39.131478
91.261772,267,39.33606
92.692199,233,39.515914
91.606615,270,39.708605
91.209678,316,39.934999
91.487009,283,40.140712
89.679062,375,40.94021
94.313052,196,41.078858
92.079054,223,41.24831
92.38037,267,41.446644
92.982476,240,41.618711
92.461542,226,41.77678
90.642648,289,41.986035
91.282438,270,42.191297
94.43124,205,42.346376
92.089738,225,43.031517
91.951705,254,43.223394
94.250792,241,43.392421
91.599787,272,43.587456
89.368538,359,43.839825
93.500678,233,44.006948
94.355065,160,44.125163
91.148969,274,44.319552
92.798728,189,44.963221
94.134839,198,45.108228
89.080464,300,45.321786
94.649676,160,45.434482
92.318295,269,45.625187
92.450416,292,45.837865
94.825488,199,45.979519
93.232819,191,46.133268
94.051449,205,46.278914
91.506144,267,46.995945
93.400569,189,47.142323
95.212638,164,47.259915
94.898918,202,47.404955
93.416183,185,47.537502
93.994509,158,47.652104
94.327058,163,47.767237
93.665573,152,47.87512
93.511768,186,48.010549
90.501883,235,48.185776
92.176809,225,48.343565
93.933461,159,48.992438
94.612072,157,49.106666
94.370737,118,49.193827
91.648282,252,49.370819
93.987894,186,49.502861
94.271595,152,49.612857
92.148762,190,49.745196
94.762602,150,49.851022
92.827855,223,50.016103
91.727088,198,50.16508
92.445288,162,50.283229
91.188227,228,50.959397
92.493393,168,51.081028
91.007148,200,51.221692
93.053453,182,51.36458
91.234813,196,51.514029
90.562986,242,51.688845
93.88337,157,51.799709
92.84689,146,51.910511
89.720052,206,52.073213
94.711988,141,52.178704
94.101675,149,52.28887
92.244336,169,52.407112
92.731695,151,53.045726
91.748068,145,53.151969
93.594824,118,53.23899
91.819279,152,53.347731
93.443239,153,53.455341
93.531108,150,53.56216
91.010171,170,53.683564
94.246361,158,53.796755
94.881323,130,53.889355
90.156595,196,54.036567
91.671534,179,54.168547
90.907797,150,54.274677
90.198521,151,54.383246
92.696171,146,55.02439
92.115956,151,55.150615
94.913729,124,55.245259
94.861899,119,55.327035
92.440999,151,55.431625
91.99023,145,55.533334
92.514065,146,55.63333
93.854715,122,55.716955
91.433112,177,55.838953
88.558769,218,56.000003
92.729648,151,56.115557
94.518497,132,56.214373
92.863631,147,56.320595
92.34004,147,56.426579
92.047126,142,57.08923
95.295965,89,57.156673
92.19251,153,57.270327
91.398041,166,57.398645
94.973172,84,57.465402
93.856543,110,57.55585
92.379765,166,57.681427
90.966914,149,57.787639
93.296709,153,57.896878
90.756013,164,58.014199
94.002917,114,58.097347
92.876106,146,58.20243
94.985382,86,58.264428
90.850826,196,58.400525
94.852483,88,58.463818
91.981025,144,59.083287
94.163075,81,59.141906
92.562749,111,59.228833
93.005528,116,59.308298
90.895634,151,59.412021
90.371357,148,59.514961
89.956364,150,59.619233
88.418401,163,59.731832
92.629393,118,59.830455
94.638316,78,59.884012
95.062011,86,59.950806
87.924633,163,60.092991
94.426137,120,60.180089
93.085302,122,60.26542
91.003086,143,60.367274
93.130055,118,60.451961
93.265798,119,61.074008
92.086371,145,61.178585
91.477294,152,61.291048
95.335145,91,61.354794
88.571539,168,61.476573
94.614329,85,61.536188
94.577841,120,61.619551
93.078223,132,61.720864
90.339298,147,61.837639
95.443949,85,61.905562
94.839663,82,61.967534
90.183803,150,62.080875
89.573121,147,62.188478
93.966995,88,62.249105
93.118367,109,62.326488
95.331609,87,62.388951
90.055604,145,62.492189
94.453592,82,62.549163
94.698175,154,63.192497
87.204013,164,63.321929
94.98807,80,63.385948
89.789445,155,63.49928
91.265529,116,63.582183
91.223584,146,63.690016
94.459016,81,63.747758
88.323535,151,63.851364
90.287652,143,63.95607
93.788054,83,64.014268
94.048522,83,64.076718
93.921693,80,64.132266
94.245691,95,64.205471
94.576441,80,64.261811
90.554912,153,64.367652
89.537724,155,64.477433
92.708816,118,64.557383
93.075225,119,65.17373
93.642644,79,65.230418
93.448609,79,65.290438
93.367981,82,65.345353
89.528237,151,65.454449
93.334362,118,65.537373
94.7206,81,65.593899
92.461115,123,65.680415
91.056744,119,65.763299
91.944992,125,65.848646
92.410004,119,65.932194
88.303165,154,66.041017
94.230448,84,66.100599
94.189092,78,66.154872
93.392699,79,66.20997
93.781186,77,66.26298
88.025957,147,66.36505
91.250778,109,66.44031
93.169313,78,66.49439
88.016547,182,67.148068
93.5957,87,67.209116
93.926669,80,67.272161
93.986134,79,67.326894
93.633639,89,67.388815
93.142588,82,67.445879
91.855161,126,67.534555
93.993816,80,67.590668
90.243986,112,67.668516
93.962928,93,67.731957
86.337246,179,67.855188
88.512768,148,67.96349
93.305448,79,68.01985
87.931769,158,68.137697
92.240767,115,68.218682
88.004386,172,68.337608
92.990063,122,68.421518
93.224175,82,68.479031
93.932453,79,69.040547
92.575606,77,69.098853
92.803346,79,69.155217
93.191554,77,69.2179
91.889233,76,69.271808
91.81782,119,69.357885
94.056181,78,69.412978
92.88055,78,69.466825
88.923497,165,69.580691
94.244729,80,69.636579
86.893345,155,69.742845
87.525389,162,69.862535
93.353742,76,69.919914
88.228545,148,70.027236
93.917726,81,70.088515
93.473824,127,70.179046
88.361022,150,70.285248
91.09626,113,70.364747
93.487429,77,70.417581
93.682213,77,70.474366
87.856332,164,71.104554
92.805861,80,71.165471
92.870499,79,71.226473
93.956304,78,71.281096
93.479794,77,71.334069
93.096861,77,71.387748
88.317895,161,71.498951
93.891882,91,71.563605
93.418741,80,71.619148
93.071436,79,71.674175
89.714726,111,71.751518
91.959622,130,71.845989
93.875282,89,71.91121
86.86749,161,72.02453
93.385835,77,72.082837
92.285464,125,72.169868
90.602057,116,72.250818
84.998923,177,72.395751
93.071447,79,72.451205
92.5701,79,73.00422
92.913598,79,73.060957
92.976084,77,73.117303
89.463268,121,73.212965
91.305627,108,73.293429
86.744837,162,73.407751
93.582975,92,73.475119
92.878608,79,73.530276
90.760487,104,73.606517
92.655176,78,73.661685
93.953415,81,73.719309
93.202489,88,73.78024
86.755509,157,73.889823
93.795002,77,73.949225
91.622368,79,74.006486
92.888029,76,74.061881
89.017547,139,74.164905
91.639623,116,74.24878
88.179483,135,74.343865
92.564302,83,74.404885
86.194611,153,75.035076
93.000238,77,75.094536
92.821188,80,75.158108
89.062384,148,75.273179
92.759849,82,75.335238
93.454453,80,75.394597
92.331884,79,75.458535
92.941922,79,75.518667
93.644756,79,75.579192
92.134914,78,75.637159
92.991543,81,75.699103
93.068978,85,75.761868
87.285518,156,75.880171
91.702547,107,75.966119
92.042982,79,76.025549
92.772801,77,76.083132
93.527712,104,76.159205
93.610694,77,76.220051
93.343892,78,76.277741
93.380967,81,76.337665
90.939624,78,76.392376
93.149084,78,76.44917
93.280225,78,76.505493
92.415592,79,77.098423
87.510085,158,77.220246
92.280878,77,77.287694
92.124316,79,77.344815
92.54868,78,77.398736
86.718713,165,77.515732
92.929333,81,77.582914
93.292961,87,77.653525
92.830675,76,77.708087
92.198274,82,77.765391
92.860171,79,77.823193
92.798906,78,77.87822
88.374601,151,77.988067
92.269345,108,78.067182
92.355375,77,78.121112
93.330426,84,78.180371
92.238707,89,78.247794
93.556526,86,78.307481
89.428552,152,78.415685
93.153281,76,78.470574
92.409533,79,78.52622
92.212924,79,79.087559
91.53489,81,79.152719
93.207435,88,79.215509
90.916552,76,79.276087
92.953394,76,79.331985
92.662005,83,79.390572
92.173153,77,79.443653
90.658245,128,79.533352
92.821332,77,79.586338
92.52206,88,79.646543
91.800734,81,79.702786
91.709599,77,79.756044
88.037127,150,79.864681
92.74214,80,79.926614
92.477007,80,79.985742
91.584611,80,80.044397
93.22419,88,80.112141
91.975495,78,80.168121
91.944561,79,80.224407
92.972994,79,80.281534
91.964723,80,80.338682
86.80549,155,80.448663
92.761759,77,80.506618
92.589531,79,80.561711
89.620299,149,81.211312
92.141972,85,81.273914
88.763807,160,81.394429
90.982376,79,81.449374
92.226096,79,81.504916
91.646432,76,81.558138
87.366698,156,81.66667
92.315845,83,81.724571
92.628293,79,81.779626
93.275875,80,81.834424
91.514314,92,81.903191
92.874666,78,81.960609
91.629931,78,82.016857
92.18743,81,82.075502
92.473658,79,82.131012
92.323745,78,82.184029
91.147462,114,82.263649
92.633711,78,82.317921
91.793762,78,82.37164
91.923146,83,82.428942
91.816699,79,82.490631
92.67924,77,82.54289
91.30314,86,83.138296
92.201923,82,83.199565
91.866767,77,83.261857
91.61726,78,83.320476
90.623662,77,83.373543
91.742795,76,83.427036
92.597787,78,83.482779
91.91085,78,83.536015
91.60416,78,83.589858
92.370509,80,83.646585
86.66485,160,83.75935
92.134363,78,83.814902
91.837641,77,83.871047
92.839406,78,83.929367
91.621691,81,83.986598
91.760439,83,84.045406
91.52292,81,84.105724
92.100043,77,84.159911
92.012504,77,84.213616
90.345015,76,84.267215
91.860808,84,84.325332
93.108426,80,84.380595
92.118488,78,84.436461
91.722976,76,84.49132
92.664251,78,84.546427
90.589447,83,85.14032
91.939169,81,85.208539
91.498205,80,85.265739
91.236616,77,85.330093
91.420918,79,85.384676
91.754871,77,85.436709
91.78549,78,85.492025
91.552534,78,85.547006
91.80874,80,85.604334
91.479194,95,85.670359
92.025809,75,85.722698
91.158458,77,85.792859
89.809837,78,85.856149
91.625231,86,85.92945
90.879991,80,85.990428
91.6532,80,86.047775
92.133997,87,86.113316
92.095548,83,86.172521
91.715233,77,86.226959
91.325522,78,86.28247
91.287078,77,86.336971
91.830144,76,86.389305
90.451285,81,86.445482
92.442853,85,86.505259
91.528894,78,86.560087
91.96868,77,87.098135
91.7782,77,87.157064
90.791854,77,87.20992
91.637642,80,87.266637
91.020036,75,87.31984
91.435257,78,87.373952
91.998768,85,87.43223
91.292456,82,87.488851
91.671299,77,87.541257
90.763639,78,87.595314
91.406893,80,87.650935
91.134083,78,87.704544
92.067401,77,87.758315
91.292766,80,87.813286
90.891844,86,87.871982
91.863834,77,87.93142
90.119583,82,87.98767
91.506933,84,88.045778
91.654302,92,88.133668
91.718975,83,88.194564
90.995559,80,88.254233
90.842737,77,88.311713
91.081247,80,88.372259
92.069936,77,88.43096
91.535638,78,88.490112
90.594106,80,88.545579
91.612255,79,89.108629
90.118682,78,89.165201
91.652993,79,89.219989
90.87361,78,89.279401
91.11997,79,89.334121
91.098723,77,89.387124
91.641323,79,89.442107
90.827223,79,89.497215
90.586628,77,89.550829
91.00662,78,89.605336
91.394803,79,89.660827
91.432277,81,89.716709
90.482558,82,89.772135
91.33626,78,89.8269
91.449022,78,89.879585
91.943571,77,89.936555
91.343291,77,89.990502
91.925056,75,90.042159
91.057065,78,90.099648
91.652128,79,90.157928
91.237741,78,90.213788
91.432536,77,90.267641
91.924532,77,90.321561
90.824898,78,90.378216
91.324326,76,90.430882
91.158557,77,90.486876
90.639859,80,91.070961
90.930299,77,91.12578
90.040515,78,91.180834
91.317999,78,91.238048
91.240299,75,91.290222
90.609839,77,91.343296
91.865217,78,91.396019
91.257957,77,91.449414
90.384777,78,91.503391
90.993323,78,91.557164
91.682898,80,91.617281
91.847967,76,91.671459
91.645779,81,91.729686
90.026296,77,91.783179
89.661118,77,91.836697
91.593885,76,91.890676
91.199958,83,91.953537
91.467268,77,92.006634
91.51904,80,92.062151
90.855129,79,92.118884
90.800908,78,92.17278
91.64935,76,92.226156
91.944529,77,92.277835
90.571362,83,92.334744
91.407771,76,92.38884
91.217464,77,92.442147
90.209093,77,92.49639
90.796313,77,93.04329
91.098208,77,93.09679
91.314247,79,93.1541
91.408642,79,93.210932
90.604,80,93.265891
90.989005,77,93.318423
91.174767,77,93.377959
91.218898,76,93.431525
92.161054,79,93.486933
90.710769,76,93.539605
90.712699,76,93.591311
91.789455,77,93.643245
91.236459,78,93.696989
91.774465,79,93.75234
90.670656,76,93.805072
91.171722,77,93.85708
91.205236,78,93.913668
91.383961,75,93.9658
90.905408,77,94.020647
90.638882,78,94.079402
90.761662,79,94.136023
91.771771,81,94.193441
90.385857,81,94.251016
92.145005,76,94.302451
91.532206,77,94.355846
92.280578,78,94.408977
91.408422,77,94.94719
91.699185,78,95.001557
92.352967,80,95.057382
92.051117,76,95.112211
91.692514,80,95.168092
92.062874,76,95.222547
91.362074,75,95.274872
92.681559,77,95.32952
91.360151,78,95.382306
91.8475,77,95.434455
91.185909,83,95.491826
91.474692,76,95.544139
91.488518,79,95.597804
91.419231,81,95.653214
91.438863,79,95.706364
91.924167,76,95.758842
91.84673,77,95.812184
91.20139,77,95.864464
91.58113,76,95.924172
91.956802,79,95.978705
91.474066,75,96.031199
91.436221,76,96.089041
90.935104,79,96.143712
90.943418,78,96.199913
91.006474,84,96.258447
91.901486,77,96.311556
91.872119,76,96.850682
92.48934,76,96.906343
90.845538,76,96.962499
92.281548,77,97.017405
92.154814,76,97.078254
91.845862,79,97.133335
92.059973,76,97.189003
91.195376,75,97.241012
92.405921,76,97.293048
92.84525,78,97.346028
92.059226,76,97.399685
91.26148,76,97.452544
91.666512,76,97.505029
91.607079,78,97.558146
92.354871,76,97.612091
90.868334,78,97.665868
92.192248,77,97.718306
92.573118,75,97.769421
92.112826,76,97.822796
92.392667,78,97.880897
90.549588,77,97.940183
91.570755,77,97.996444
92.864717,76,98.050713
92.146887,77,98.107164
90.889953,77,98.160824
91.197906,76,98.212834
91.672104,75,98.264185
92.641682,78,98.822985
92.408852,77,98.877137
92.14696,75,98.93146
91.986636,76,98.984593
91.559432,77,99.038652
91.854493,76,99.092529
91.33066,77,99.145059
91.559879,77,99.198005
92.485089,77,99.250587
91.085665,77,99.303604
93.034348,76,99.357213
92.118889,77,99.41025
91.702049,77,99.46418
92.309188,75,99.515576
91.864856,82,99.571415
91.559294,78,99.626234
91.840156,76,99.678618
91.819642,75,99.730529
92.309684,78,99.784383
91.919456,76,99.83639
91.846309,76,99.888495
91.884742,76,99.949715
92.317651,75,100.002434
92.371143,78,100.059733
91.707571,79,100.114355
92.293508,75,100.165373
92.28587,76,100.21868
92.386023,75,100.75315
91.68005,75,100.804505
92.04148,74,100.859976
91.900128,74,100.912787
92.321844,75,100.964586
92.6626,75,101.017585
91.638468,75,101.071862
91.618417,77,101.126543
92.037205,76,101.178531
92.161739,78,101.233124
91.305774,76,101.286271
91.48662,78,101.339827
92.219525,75,101.391278
92.023949,75,101.442866
92.661181,75,101.495546
92.110636,74,101.548529
92.40558,77,101.601637
91.993936,76,101.65448
91.991417,76,101.706319
92.20783,77,101.759919
91.170122,76,101.811643
91.684178,78,101.864549
91.863342,79,101.924291
92.973255,76,101.979406
91.394321,75,102.031606
91.982002,77,102.088611
91.994764,76,102.141628
92.460144,74,102.697916
92.739318,77,102.751378
91.368684,76,102.808428
92.067244,76,102.861131
91.989427,74,102.912623
91.257156,75,102.963459
92.623178,75,103.015105
92.944107,80,103.070541
91.773715,75,103.122815
91.133275,75,103.174404
92.527022,75,103.226342
92.13067,74,103.276547
92.0861,76,103.329298
92.00222,76,103.381178
91.742639,75,103.432441
92.203732,77,103.486889
91.014659,76,103.538501
91.729447,75,103.589825
93.338202,83,103.647743
92.177723,75,103.698492
91.9422,75,103.749506
91.41637,74,103.800478
91.920507,78,103.865846
91.862045,75,103.92153
92.353139,80,103.977539
91.9543,76,104.031263
91.827826,75,104.082804
92.316593,77,104.616915
92.565746,74,104.667543
86.842018,153,104.773687
92.263154,73,104.825384
92.487404,75,104.877562
92.847263,74,104.928937
91.803342,77,104.981383
92.980656,79,105.035837
91.912,73,105.087688
91.978833,75,105.1401
92.409108,79,105.195038
92.412753,76,105.246932
91.808081,75,105.299883
91.76114,73,105.350579
92.691208,75,105.402621
92.023625,75,105.454239
92.817821,74,105.505034
93.196665,74,105.555659
92.962055,74,105.60602
92.339744,76,105.658355
91.943606,76,105.710977
92.654118,75,105.762428
92.705771,75,105.813775
91.919944,76,105.865978
92.817114,75,105.921484
93.252335,78,105.974378
91.628724,75,106.526457
91.986847,74,106.577124
92.407782,74,106.626842
91.708099,74,106.683398
92.845957,76,106.739017
92.76205,74,106.78911
92.828817,75,106.84239
91.903654,77,106.894714
92.10873,75,106.946204
91.613033,78,106.999175
92.332499,74,107.04975
92.873584,73,107.100955
91.773433,75,107.152745
92.147822,77,107.205544
91.76729,73,107.25602
92.937053,76,107.308181
93.01087,81,107.363961
91.409954,74,107.415685
92.181724,74,107.466162
92.119498,76,107.517646
91.839846,75,107.568666
91.762855,75,107.621793
92.323375,74,107.674321
93.250289,83,107.731556
91.974905,75,107.782371
92.438929,75,107.833717
91.950286,75,107.885947
92.351123,74,108.461807
92.593778,77,108.514145
92.967749,76,108.566003
92.130841,76,108.623601
91.770986,74,108.675707
92.664077,74,108.727413
91.998774,75,108.779026
92.061452,76,108.831852
91.619889,74,108.884952
92.028678,74,108.937264
92.236026,76,108.99183
91.488838,75,109.044849
92.691873,74,109.11467
91.84019,74,109.18639
92.555794,75,109.238803
91.927869,76,109.291033
92.316492,75,109.344028
92.100314,76,109.39784
92.353035,74,109.449219
92.685098,75,109.501828
91.15564,76,109.553863
91.469053,74,109.604165
91.632102,75,109.655822
91.964903,76,109.707786
92.570018,73,109.757139
92.77036,74,109.808579
92.499463,76,109.861705
91.854977,75,110.447001
92.590087,74,110.51021
92.667255,77,110.577919
92.349588,74,110.632328
92.207974,74,110.684056
93.145141,75,110.73694
92.959864,78,110.79241
92.22162,75,110.844086
92.326432,76,110.897045
92.26106,73,110.947634
92.59576,77,111.001714
92.641418,73,111.053703
92.95815,75,111.10744
92.647745,75,111.159534
92.708847,76,111.216021
92.176122,76,111.271126
91.758866,78,111.325884
92.383109,74,111.377413
91.759755,76,111.429709
91.987122,76,111.48422
92.854114,72,111.534786
92.405118,76,111.59003
92.411382,74,111.641383
92.993399,75,111.692828
91.99352,76,111.745147
92.279212,74,111.798207
92.769643,75,111.849987
91.905477,74,112.419596
92.943981,75,112.47748
92.543475,73,112.528829
92.138507,74,112.586534
92.272233,78,112.648074
93.255853,75,112.701342
92.835061,74,112.752138
91.925669,75,112.812823
92.490135,77,112.867271
92.749298,74,112.920866
92.361648,75,112.973472
92.800254,73,113.029435
92.444172,77,113.084461
92.418039,74,113.135537
92.533464,75,113.187214
92.778062,77,113.243045
93.457066,74,113.295505
92.575281,73,113.346215
92.618343,75,113.398243
93.295522,74,113.450865
92.562132,75,113.503896
92.287538,77,113.560337
92.93161,74,113.614029
92.854015,74,113.665286
93.037015,75,113.716686
92.751193,74,113.767661
92.31006,76,113.820387
92.14405,73,113.870921
92.692891,74,114.457365
92.946407,73,114.507925
93.128332,73,114.563319
92.767177,74,114.61738
92.772306,74,114.66951
93.087803,74,114.720184
92.929756,73,114.770284
93.09174,74,114.822187
92.921142,74,114.872661
92.770308,74,114.924315
92.943612,76,114.977818
92.597316,77,115.034414
92.886475,77,115.090691
92.015684,74,115.145493
93.210404,74,115.200181
93.345862,81,115.269433
92.936656,78,115.325992
93.75342,74,115.377515
92.717749,73,115.430136
92.987039,74,115.483706
93.421187,75,115.53771
87.768052,159,115.648816
92.875184,74,115.70146
93.656853,77,115.753847
92.322398,75,115.807107
92.579942,77,115.861119
92.615059,74,116.452091
92.85234,77,116.50571
92.343103,75,116.557567
93.108785,73,116.618485
93.062254,80,116.675949
93.07811,73,116.727341
92.86058,75,116.779388
92.033118,74,116.831783
92.241767,74,116.884553
92.407875,75,116.939083
93.053734,73,116.994268
93.091288,76,117.052218
92.721012,73,117.105149
91.258136,72,117.156219
93.070448,72,117.210806
92.294859,75,117.269067
93.090051,74,117.32437
93.062016,74,117.37602
92.031958,74,117.428317
92.972005,73,117.48139
93.679977,75,117.537659
92.61615,72,117.58937
93.489292,74,117.641398
92.221014,73,117.6953
93.361787,74,117.74661
93.21934,77,117.802896
93.197147,75,117.855192
92.868561,74,117.912518
93.164598,74,118.496086
92.795251,73,118.546815
93.130275,73,118.598449
92.701964,78,118.657495
92.799721,75,118.708686
93.232497,73,118.760162
92.954239,75,118.81317
92.83744,78,118.867179
92.794237,77,118.921187
93.12863,76,118.972979
92.835737,80,119.029352
92.125942,75,119.083434
92.943737,74,119.135534
93.816417,74,119.189323
93.417739,77,119.242571
93.666437,75,119.293886
93.768925,73,119.343879
93.319524,75,119.397094
92.8318,76,119.45036
93.075163,74,119.506602
93.115762,73,119.556551
93.113383,74,119.627301
92.651329,75,119.682449
92.629567,74,119.733096
92.916225,74,119.78425
92.888324,76,119.835838
92.812742,74,119.886394
92.559182,73,120.475059
92.080773,77,120.531357
91.903027,73,120.587379
92.687752,74,120.645277
93.386182,73,120.698103
93.331672,73,120.749038
92.405539,74,120.801589
92.182516,77,120.857778
92.62854,73,120.911391
92.830544,74,120.966232
92.755768,76,121.02053
92.896573,74,121.07304
92.551716,74,121.127162
93.572867,73,121.179202
92.814917,73,121.232066
92.706439,73,121.282838
92.299369,76,121.335111
93.499776,73,121.386456
93.118066,74,121.43614
93.220589,76,121.493353
92.890898,75,121.547982
92.768576,73,121.600861
92.595819,72,121.65203
92.885672,73,121.703246
92.848857,74,121.75511
92.4661,74,121.805581
93.138156,76,121.857263
92.526577,75,121.917306
92.457279,74,122.515891
92.368637,73,122.566292
91.951908,73,122.6188
92.808391,74,122.672302
93.157831,73,122.725056
93.227867,73,122.775576
92.277379,72,122.825713
92.451079,74,122.877055
92.092898,73,122.928387
93.108057,73,122.980397
92.858657,75,123.033307
92.780653,73,123.086091
92.306175,75,123.139024
92.312941,74,123.192648
92.957482,73,123.24337
92.21555,74,123.295433
87.098944,159,123.407023
92.330177,75,123.459694
93.007457,73,123.50975
92.950687,74,123.560046
92.396005,73,123.610392
92.39642,73,123.660718
87.585414,158,123.770027
92.756885,76,123.822046
94.081939,74,123.872886
92.254661,79,124.439496
91.51509,74,124.494739
92.236255,76,124.547477
92.647232,73,124.603503
92.504901,73,124.65649
92.474819,73,124.706219
92.329147,77,124.758449
93.294731,73,124.809436
92.020057,74,124.877252
93.032504,73,124.934625
93.050646,73,124.987282
93.105993,73,125.036298
92.791654,74,125.089301
92.201756,75,125.140791
92.212741,73,125.191886
93.007888,74,125.243122
92.610646,73,125.293043
91.953207,74,125.343356
92.462291,75,125.394874
92.583524,76,125.448559
93.496726,74,125.499008
91.497481,75,125.549676
93.107704,74,125.601144
92.026845,75,125.652178
93.119149,73,125.701563
92.700898,73,125.751691
92.900385,74,125.80226
93.595218,73,125.851965
92.355442,72,126.443522
93.18868,74,126.496373
91.972194,73,126.555477
92.130523,74,126.609822
91.987139,74,126.660708
92.222929,73,126.71245
93.022251,73,126.764379
92.602914,81,126.820679
93.376847,73,126.87056
92.29295,83,126.92814
92.515322,73,126.980981
92.856608,73,127.03396
92.283119,72,127.084529
92.206394,73,127.13516
92.16185,74,127.185497
91.992387,74,127.239283
91.827864,78,127.29252
91.844211,75,127.344384
92.85888,73,127.395885
93.340369,73,127.447233
92.31565,75,127.498962
93.344806,73,127.549527
92.018897,75,127.60146
91.585994,76,127.653708
92.100042,74,127.7066
93.291116,72,127.757153
92.289253,74,127.807864
91.531619,73,128.375823
91.25992,75,128.428559
92.074842,73,128.480407
92.306324,72,128.533149
92.507488,73,128.590972
92.189242,73,128.642852
92.882002,72,128.693393
92.659482,73,128.744248
93.19947,73,128.795728
91.677691,73,128.847872
91.584129,76,128.901257
91.6223,73,128.951681
92.961471,74,129.003035
92.647609,73,129.053894
93.421443,73,129.104455
93.507211,73,129.156819
91.738869,74,129.209076
92.15102,76,129.261719
92.18816,73,129.311913
91.833048,73,129.361996
92.746887,74,129.41437
92.815231,74,129.465341
92.504204,73,129.51703
91.525617,72,129.566695
92.588408,73,129.617142
92.394736,73,129.668564
91.691934,75,129.721561
91.09958,74,129.77346
92.044745,74,130.3532
91.919807,73,130.404171
92.123575,73,130.454204
92.627299,73,130.514693
91.830375,73,130.568002
91.375384,74,130.619057
93.256121,74,130.671826
93.118015,73,130.72348
91.83598,74,130.775745
92.714557,72,130.828483
91.647891,74,130.880394
91.275851,74,130.932176
91.672159,73,130.983617
91.915978,74,131.039285
92.175318,73,131.092282
93.124373,74,131.145766
93.48188,74,131.197958
92.879866,73,131.249899
92.622208,73,131.301043
92.761073,73,131.35174
91.161072,74,131.402612
92.338398,73,131.455862
91.774369,74,131.50825
92.323299,72,131.558532
91.538822,73,131.612247
90.769642,74,131.662188
92.63209,73,131.712527
91.522157,72,131.761324
93.23206,73,132.352547
92.581358,74,132.404726
91.346599,76,132.458662
91.490784,73,132.512846
93.034811,73,132.571316
92.98171,74,132.632304
91.131415,74,132.691102
92.323766,72,132.742126
92.130506,73,132.804526
91.3045,76,132.857426
92.939195,74,132.90906
93.201236,74,132.966443
93.128468,74,133.01986
92.38408,73,133.07186
92.308905,73,133.122296
92.837543,74,133.173427
91.960107,72,133.225528
92.416909,76,133.277807
92.308941,73,133.328924
92.152689,73,133.379566
91.429603,73,133.429095
90.403166,75,133.482148
91.490313,73,133.532053
92.967557,74,133.58369
92.059891,73,133.63335
91.15668,73,133.682812
92.190562,72,133.73423
92.249011,74,133.78479
91.992388,73,134.364931
93.477702,73,134.414977
92.393899,73,134.465496
93.293266,74,134.520598
92.426283,73,134.575987
92.679917,73,134.627625
93.099343,73,134.679756
92.581301,72,134.732388
93.449275,73,134.782326
91.668279,75,134.836179
91.858642,72,134.887336
92.207574,75,134.941141
93.123648,74,134.996845
91.784659,73,135.048336
93.334759,73,135.100375
92.215001,73,135.150734
91.963609,73,135.202294
93.608875,73,135.254345
91.880735,74,135.304439
92.734057,73,135.374071
92.723737,73,135.438414
92.112013,74,135.501016
93.543138,72,135.559821
91.747522,74,135.620956
92.525021,72,135.674816
92.059973,72,135.728
92.32684,73,135.777812
92.758157,72,135.829357
92.649903,73,136.442117
92.04029,74,136.493434
92.255935,77,136.551493
92.168457,73,136.613857
92.603504,73,136.667842
91.784212,72,136.721742
92.286848,73,136.774464
93.174993,73,136.82929
92.885283,73,136.882459
92.011539,74,136.939557
92.610862,74,136.9968
92.290777,73,137.05239
92.922338,73,137.104656
92.815862,73,137.157286
92.481998,73,137.209178
93.059957,73,137.263448
92.333912,72,137.313787
92.353783,73,137.366946
92.371935,72,137.418226
92.716436,72,137.469586
91.489237,75,137.522623
93.288319,74,137.573238
93.043647,73,137.623902
92.253285,74,137.674892
92.300487,73,137.725565
93.103756,73,137.77536
92.759913,74,137.826518
92.212735,73,137.878267
92.134897,76,138.451347
92.060412,72,138.503356
92.615287,72,138.55747
92.23895,72,138.610492
92.155443,76,138.665718
92.53934,72,138.715685
92.120157,73,138.770012
93.14308,73,138.82718
92.301302,77,138.883065
93.209307,74,138.93889
92.400031,76,138.99482
92.476033,80,139.048884
92.073917,74,139.101706
92.06402,74,139.15384
93.686979,72,139.20686
93.233052,73,139.259266
92.868617,72,139.308049
93.643739,73,139.357115
93.163911,73,139.407064
93.368388,72,139.457757
93.189157,72,139.507061
91.901905,73,139.556255
93.275883,73,139.608081
92.695394,78,139.662713
92.405361,73,139.715177
92.312215,74,139.768967
92.928279,76,139.821249
92.057971,80,139.875508
92.574406,74,140.453452
92.675428,72,140.503153
93.425171,73,140.553981
92.97881,74,140.624275
92.403336,73,140.682242
92.24263,74,140.734462
92.375536,73,140.785807
93.707046,73,140.835962
93.311301,73,140.886248
93.368584,72,140.93655
93.123136,73,140.989758
93.321982,73,141.040065
92.960723,77,141.092682
92.644188,74,141.142988
92.667059,73,141.194217
93.122326,72,141.244395
93.198858,73,141.297805
91.873185,75,141.35138
92.610462,76,141.403756
93.328635,72,141.45538
92.599096,72,141.50581
92.503194,74,141.558173
93.878929,73,141.609692
92.727243,78,141.663782
93.804211,72,141.715684
92.652521,72,141.766379
93.670542,73,141.81714
93.758835,72,142.435333
92.295771,74,142.492886
92.629688,74,142.545346
92.090475,75,142.598536
93.323367,72,142.654382
92.493105,74,142.706542
92.14716,72,142.7555
93.26277,72,142.806327
92.901458,72,142.855529
93.065487,73,142.905902
93.335075,73,142.957837
92.77461,72,143.008387
92.845643,72,143.06093
91.921821,77,143.114726
93.070085,72,143.165172
92.786493,73,143.216901
93.557255,73,143.266672
93.446717,71,143.316584
93.262693,73,143.367206
93.781045,72,143.416275
93.544156,72,143.46518
92.829331,74,143.515505
92.722324,72,143.564519
92.563331,74,143.615571
92.615615,72,143.665129
92.499816,75,143.71662
92.245945,75,143.768489
93.004437,74,143.819457
92.646183,72,144.39326
92.070656,72,144.446529
92.27758,73,144.497794
92.67474,73,144.549216
92.248027,72,144.611629
93.157904,72,144.661678
93.571903,71,144.711429
93.417161,72,144.763798
92.915767,72,144.813625
92.143988,72,144.862741
92.587069,72,144.913047
92.935611,72,144.963453
92.77704,73,145.01549
92.466678,73,145.066683
92.641442,73,145.116833
93.533221,72,145.167112
92.257322,72,145.218688
92.688194,72,145.269203
92.720702,73,145.33132
92.726884,72,145.381629
92.765269,72,145.431105
92.352036,76,145.485477
92.90852,72,145.537199
92.945382,72,145.587617
93.054111,71,145.639925
92.826701,72,145.691306
93.175348,72,145.7418
92.179684,72,145.7916
92.288257,73,145.852716
92.24325,74,146.433966
93.042749,71,146.486481
93.365268,71,146.544113
93.572048,72,146.599779
93.513618,72,146.654596
92.443423,71,146.705887
93.40205,71,146.756897
92.887748,71,146.806705
93.031358,72,146.858033
92.05168,72,146.909323
92.263675,73,146.963063
93.697787,72,147.014688
93.019028,73,147.072135
92.429539,72,147.126242
92.269282,74,147.181146
91.385285,72,147.236408
93.150349,72,147.289701
91.819957,72,147.340016
92.876419,72,147.392408
93.394232,72,147.444932
93.099407,71,147.49609
92.11755,72,147.547989
93.541795,72,147.599375
91.904308,74,147.651178
94.236084,72,147.700725
93.139681,72,147.751837
93.122976,72,147.80329
91.484681,72,147.855145
93.716915,71,148.426664
93.259768,72,148.477747
92.407005,71,148.535466
93.307413,71,148.595413
93.25921,71,148.650073
91.903541,72,148.70493
91.526526,73,148.760109
92.836726,71,148.81605
91.865946,72,148.869227
92.164189,72,148.921621
92.997293,72,148.972872
92.689823,72,149.024554
92.988513,71,149.077248
93.65311,71,149.129061
91.709129,73,149.183136
92.847502,71,149.233587
92.552308,72,149.284827
92.613938,72,149.335706
93.55085,72,149.386228
92.944335,74,149.436268
93.451225,71,149.485522
92.48858,71,149.53442
91.981652,72,149.58486
92.417899,72,149.634474
92.600713,73,149.684416
92.935839,72,149.734856
92.07916,72,149.785585
93.339929,72,149.83638
92.060799,73,149.886526
92.351183,74,150.459066
92.683867,71,150.508045
93.597517,71,150.557987
93.44207,71,150.606919
92.205264,73,150.663486
92.3949,72,150.712997
92.343646,73,150.764285
93.047303,72,150.814442
93.804319,72,150.865947
92.832204,71,150.917338
93.625201,72,150.967682
92.4897,75,151.021114
92.114157,74,151.081749
92.250133,73,151.140926
93.809709,71,151.19383
92.898236,72,151.248002
92.231791,72,151.298366
92.016112,75,151.35067
93.290791,73,151.40673
93.401525,71,151.459032
92.954611,71,151.507159
92.65778,71,151.55756
93.01515,71,151.610897
92.517564,76,151.664976
92.605061,71,151.714431
92.693514,72,151.766781
92.519572,71,151.816481
92.270575,72,151.868141
93.701197,72,152.45484
94.019005,72,152.506281
93.440844,72,152.563394
93.74588,72,152.615626
93.820326,71,152.668519
92.425615,72,152.719709
93.091972,71,152.770218
92.586634,74,152.821085
92.467648,73,152.871205
93.880875,72,152.921217
94.165214,71,152.971415
92.590964,72,153.021905
92.363854,74,153.0747
92.740685,71,153.123519
92.172101,71,153.172566
92.666445,74,153.22387
93.613862,72,153.273269
93.261995,71,153.322873
93.354821,72,153.372915
93.868879,72,153.42281
94.087212,72,153.47165
93.261555,71,153.523048
92.586931,73,153.573611
92.061296,72,153.626196
94.004709,72,153.675804
93.392148,71,153.727341
93.604948,71,153.776047
92.607127,74,153.828758
93.825932,71,154.385418
93.54364,71,154.437657
93.029977,71,154.48648
92.382048,73,154.543598
93.738658,71,154.593373
89.065218,156,154.701008
93.930805,71,154.751109
92.451841,72,154.800708
92.663179,72,154.850224
93.956354,71,154.901077
93.085561,72,154.952019
93.96702,72,155.002359
92.455806,73,155.052258
92.377452,73,155.103415
92.607609,72,155.153205
93.402287,71,155.202418
92.635126,71,155.251165
94.18094,72,155.300185
91.956992,72,155.349597
92.703868,71,155.398855
92.514433,73,155.45037
93.182071,71,155.498463
92.40066,73,155.549115
93.916421,72,155.598906
92.853254,71,155.649051
92.830705,72,155.698241
92.479235,71,155.747887
92.948183,72,155.797171
93.845139,72,156.364341
93.636685,71,156.417943
92.537519,72,156.473613
93.736922,71,156.523709
92.176149,71,156.574897
93.568319,72,156.62609
92.744613,71,156.675446
93.756145,71,156.726687
93.795981,71,156.776569
93.476294,71,156.828444
92.475969,72,156.879881
92.390716,71,156.928632
92.919337,71,156.979958
93.893055,71,157.034412
92.451061,71,157.083705
91.833385,73,157.134005
92.221688,73,157.18555
92.1924,73,157.236692
93.551135,71,157.288495
92.667085,71,157.338029
92.347394,71,157.388078
93.35056,71,157.436299
92.92962,71,157.48712
93.370327,71,157.536307
93.449905,71,157.586405
92.905962,71,157.635807
93.240198,71,157.683838
92.699061,71,157.73147
93.296509,72,157.781658
91.98136,71,158.343213
93.340361,71,158.396477
93.715376,70,158.450373
91.929448,72,158.509156
92.96095,71,158.563013
92.224343,72,158.616834
92.562667,71,158.667456
93.088933,71,158.719252
93.304078,71,158.769278
92.668282,72,158.820705
92.87189,71,158.87639
93.315401,71,158.927451
92.969433,71,158.977892
93.853824,71,159.027193
92.263084,71,159.077598
92.677294,72,159.130342
91.890674,71,159.181526
92.93927,71,159.233786
93.011767,71,159.28573
92.073919,72,159.336701
93.131733,72,159.387945
93.589898,71,159.436971
93.015806,72,159.487487
93.53486,70,159.535528
91.519022,71,159.58458
93.157092,71,159.634485
92.374813,72,159.684999
93.739478,71,159.733524
92.725748,71,160.336175
92.353493,71,160.389452
92.045018,73,160.443604
92.352061,72,160.500109
93.034374,71,160.552133
92.809669,71,160.608489
91.976714,71,160.66081
93.055863,71,160.711359
92.311592,75,160.766742
93.436798,70,160.817413
92.78566,72,160.871814
92.949933,72,160.92756
93.009145,71,160.987203
93.868933,71,161.039235
92.200807,71,161.091432
92.342889,72,161.145151
93.827882,71,161.198699
92.133062,71,161.249788
92.797485,71,161.300035
92.126525,71,161.350374
92.524638,71,161.401199
92.92637,71,161.454746
93.276141,71,161.504613
93.043719,70,161.556231
92.259173,72,161.628412
92.457415,71,161.679472
92.940234,71,161.729089
91.574099,72,161.779887
91.895084,73,161.831457
93.30689,71,162.407004
92.526916,71,162.457248
92.338077,71,162.506099
92.636104,71,162.555506
93.520114,70,162.605107
93.634394,71,162.654271
93.076448,71,162.711298
92.949226,70,162.762014
92.493724,73,162.813026
92.184628,72,162.863059
92.466906,71,162.913476
92.676553,71,162.963569
93.560365,71,163.012235
93.857976,70,163.060999
92.926647,71,163.111577
92.153559,72,163.160495
93.387262,70,163.211288
92.555352,70,163.260599
92.645505,71,163.310944
92.656152,71,163.359593
92.644959,70,163.408362
92.647463,71,163.459029
93.866107,72,163.508448
91.532703,72,163.55835
93.034455,71,163.608917
92.508311,71,163.659049
93.028956,71,163.707012
91.883061,73,163.757384
93.795489,71,163.807384
92.461825,71,164.34243
93.482434,71,164.391365
92.115838,72,164.449723
92.163771,72,164.506013
92.63017,70,164.554889
94.102471,71,164.608802
92.128048,71,164.660007
93.170469,71,164.709723
92.092347,75,164.772533
92.43573,71,164.826311
92.519107,71,164.878158
93.207086,70,164.931372
92.548746,71,164.983573
93.358353,71,165.032036
92.219834,73,165.08279
92.521894,71,165.132848
92.11249,74,165.184125
92.547199,71,165.232533
92.007946,74,165.283119
92.158563,71,165.333554
92.375846,71,165.382333
92.322267,71,165.431602
93.336601,71,165.480979
92.155112,73,165.533135
93.25275,71,165.583873
92.504985,71,165.634178
92.191291,71,165.682873
93.073028,71,165.732318
92.14928,72,166.282714
93.241115,71,166.332419
93.869781,71,166.381922
93.634404,70,166.429658
92.755143,71,166.485081
93.888343,71,166.534249
93.33748,70,166.586354
92.199442,73,166.63931
92.915721,71,166.6897
92.712355,71,166.739038
92.978421,71,166.789289
94.162797,71,166.848501
92.668939,71,166.901359
92.048754,72,166.952356
93.944686,71,167.001671
92.839356,70,167.050057
92.107946,71,167.102108
92.487853,72,167.153367
93.959678,71,167.202684
92.769634,71,167.252962
92.337343,72,167.304056
93.445032,71,167.352666
93.211603,70,167.402025
91.809961,72,167.452121
93.554821,71,167.500453
93.016374,71,167.548842
92.946099,70,167.597662
94.071416,71,167.646049
92.999966,70,167.695164
92.876389,71,168.233846
92.382484,74,168.286511
92.627102,71,168.336039
94.020702,71,168.387141
92.772179,72,168.444563
93.075996,71,168.495134
92.345452,71,168.545536
93.712916,71,168.598624
93.945343,70,168.648418
93.846696,70,168.698306
93.950518,71,168.748079
94.045045,70,168.796246
93.049445,71,168.846205
92.678982,71,168.896456
93.227662,71,168.94586
92.075556,72,168.995957
92.809736,71,169.045991
92.514163,71,169.096725
93.230446,71,169.146167
92.294791,72,169.197924
92.448123,73,169.251593
92.904981,71,169.302036
93.138169,71,169.351683
92.540336,72,169.40168
92.7545,70,169.449854
92.448078,71,169.500965
93.459678,70,169.551175
92.100083,73,169.604937
92.707608,70,169.656599
94.201251,71,170.222997
92.685286,71,170.275089
92.725384,71,170.324425
93.20426,71,170.375006
93.74157,71,170.430361
92.649771,74,170.481873
93.949029,70,170.530249
93.373499,70,170.579477
92.865505,71,170.630348
93.447896,71,170.679349
93.775273,70,170.726684
92.346194,71,170.775994
94.223805,71,170.82656
93.040104,71,170.875524
94.505261,72,170.925072
92.828746,71,170.97489
93.696064,71,171.024383
93.066816,71,171.072485
94.236282,71,171.123124
93.932601,70,171.171372
93.167092,71,171.21916
93.352299,70,171.267711
92.346018,71,171.316393
93.900932,71,171.364882
92.252668,71,171.413486
93.506873,71,171.46419
93.069124,71,171.514205
92.39945,73,171.564119
93.159314,71,171.613942
93.255488,71,172.194938
93.634277,70,172.245631
93.788242,71,172.296829
93.436702,71,172.350037
93.160358,71,172.403255
94.398538,71,172.455206
92.692939,74,172.505882
93.120449,71,172.555194
93.119038,71,172.604521
94.05379,71,172.652782
92.741877,70,172.699855
93.653535,71,172.747884
93.108009,71,172.797306
94.284979,71,172.846551
93.992604,71,172.895576
93.395848,70,172.943883
93.015302,71,172.99291
94.390413,70,173.040597
92.8408,73,173.092351
92.45418,74,173.142737
94.103706,71,173.191897
92.414532,73,173.241704
92.809335,72,173.293691
94.215448,71,173.342598
92.647468,74,173.393672
93.452704,71,173.442616
93.270488,71,173.491529
94.120676,71,173.540655
94.038043,71,173.590381
93.385783,72,174.158055
93.265789,70,174.206043
93.115202,71,174.254715
94.121347,70,174.306805
93.562514,70,174.355708
93.388566,71,174.404732
93.075972,75,174.457372
92.962259,71,174.505839
92.543974,74,174.557088
92.938944,70,174.605114
94.149673,71,174.654667
93.125095,74,174.705624
92.71798,71,174.754145
93.093575,70,174.801385
93.248309,70,174.849172
93.719334,70,174.89963
93.327984,70,174.949808
93.860281,71,175.003386
94.151381,71,175.053395
94.30222,71,175.10385
93.673815,70,175.153237
93.075497,72,175.205284
94.024064,71,175.256201
93.395231,71,175.310042
93.403391,70,175.361845
93.004507,75,175.416404
93.051187,71,175.467021
93.488273,70,175.515998
93.651076,71,176.073361
93.60506,70,176.134544
93.705096,70,176.194221
93.267739,71,176.255897
92.571578,72,176.308327
93.656606,71,176.361343
92.873161,72,176.413082
93.38619,70,176.463315
94.025748,69,176.510406
93.432115,71,176.561241
93.757504,71,176.611626
92.883491,75,176.665668
93.857095,71,176.715532
93.345715,70,176.765524
92.637682,72,176.817033
93.35655,70,176.865651
93.352677,70,176.914642
93.13119,71,176.963145
93.844513,71,177.015514
93.701363,70,177.067865
94.169431,71,177.119679
92.483494,71,177.168012
94.19766,71,177.221039
92.915709,72,177.274548
93.055592,72,177.335304
93.654081,70,177.394094
93.23855,70,177.449529
92.658316,71,177.499439
92.716146,71,177.549947
93.483627,71,178.107237
93.055927,73,178.160169
92.721815,71,178.21115
93.013907,71,178.260468
93.005968,71,178.315638
93.983711,70,178.364378
93.811235,71,178.415032
92.592211,71,178.4652
93.644724,70,178.513178
93.328707,70,178.562191
93.745044,70,178.613115
93.558034,70,178.662592
94.181313,70,178.712487
93.800756,70,178.760794
93.604583,70,178.810392
93.274346,70,178.860423
93.126161,71,178.909282
94.333391,70,178.95774
92.909923,71,179.007344
93.014518,73,179.059359
92.778448,70,179.107333
94.205654,70,179.157358
93.266548,71,179.208096
92.803277,71,179.259383
93.591268,70,179.311104
94.253084,70,179.361007
92.960792,70,179.409921
93.941919,71,179.459054
92.970496,70,179.507138
93.127616,71,180.052409
93.511806,70,180.106596
93.864514,70,180.155383
93.622706,70,180.209677
92.879102,73,180.261281
94.214572,70,180.311349
93.42022,72,180.362291
93.412832,70,180.410428
92.935689,70,180.458715
93.904852,70,180.511261
93.523293,70,180.561528
94.221668,70,180.610666
92.777218,72,180.660341
92.935612,70,180.708679
93.031385,70,180.756669
93.005855,70,180.805493
92.881685,75,180.856443
93.253887,72,180.905637
93.779595,71,180.957236
93.149456,71,181.005713
92.982102,70,181.055041
93.025368,72,181.105683
92.976918,70,181.154516
94.022395,70,181.203068
93.599482,70,181.251995
93.039957,73,181.302096
93.968299,70,181.350852
94.068309,71,181.40042
94.002555,70,181.449076
93.20953,70,181.997446
93.92784,70,182.048185
92.795397,71,182.103197
93.043813,72,182.159226
93.030225,70,182.208515
93.021345,70,182.257264
93.996027,71,182.306233
92.510462,71,182.354412
93.051902,71,182.403553
93.504558,71,182.453498
93.510329,70,182.501312
92.938243,76,182.553191
93.756252,70,182.612856
92.606492,72,182.659318
93.605442,70,182.708214
93.047578,71,182.756576
93.57167,70,182.805243
93.636764,71,182.854028
93.038883,74,182.905256
92.92534,72,182.954911
92.965383,70,183.003583
94.019008,70,183.050968
92.861667,71,183.100195
93.716752,71,183.148624
93.495387,70,183.196515
93.552649,69,183.243029
93.286066,74,183.29597
92.871035,72,183.347409
92.803695,72,183.396369
93.643921,70,183.961755
93.716235,70,184.01109
93.54518,70,184.059046
93.200787,73,184.121469
94.058813,70,184.171277
93.027998,77,184.225405
94.463892,71,184.274833
94.545398,71,184.323689
93.50116,70,184.371825
93.95745,70,184.421476
93.752767,71,184.471095
92.74629,71,184.521704
93.712053,70,184.569701
93.260423,70,184.617876
93.455628,71,184.6672
92.977674,71,184.715831
93.816839,70,184.763458
94.196692,70,184.811523
94.373434,71,184.860741
94.105496,70,184.908857
92.806921,70,184.95749
94.064205,70,185.00667
93.778588,70,185.05448
94.388453,71,185.104219
94.180456,70,185.152777
93.681143,70,185.200458
93.274436,71,185.249418
93.174848,71,185.299411
92.815299,70,185.347575
92.939588,76,185.905459
93.695329,70,185.959703
92.872156,72,186.009576
94.193779,71,186.060612
92.945172,72,186.114918
92.598822,71,186.163903
93.052389,71,186.213022
92.746068,75,186.264324
92.763288,72,186.313315
93.824041,70,186.360957
93.325897,71,186.410226
93.593899,70,186.459265
92.85909,71,186.50797
93.015173,70,186.555903
92.67727,71,186.606632
94.036343,71,186.656689
93.229024,71,186.707613
94.462211,70,186.757179
92.754886,71,186.806986
94.048866,70,186.856372
92.913694,72,186.906989
94.154762,71,186.956753
94.202392,70,187.006588
92.936699,70,187.055315
92.739894,71,187.106787
93.447317,70,187.156055
93.127454,71,187.206115
93.861003,70,187.255051
92.756666,70,187.304252
93.945876,70,187.871006
93.122514,70,187.926122
93.199501,70,187.97816
93.477067,71,188.028122
93.414904,70,188.086084
93.717574,70,188.13571
93.632354,70,188.184084
93.7794,71,188.234537
93.006075,71,188.284313
94.233881,71,188.33383
93.037294,72,188.383326
92.886805,72,188.432494
93.257954,70,188.481197
93.204382,70,188.530506
92.33114,71,188.579584
92.960048,71,188.62923
92.780372,71,188.678472
93.960531,70,188.727446
93.301251,71,188.776215
93.433008,70,188.825481
94.265698,70,188.874523
94.00862,71,188.92387
92.959237,71,188.97407
94.352774,70,189.02583
93.456872,70,189.07414
92.871504,71,189.124207
92.921856,70,189.173247
93.614575,70,189.222338
93.547772,70,189.270203
93.564572,70,189.829482
92.67642,77,189.883132
92.71777,75,189.934543
93.030191,70,189.986982
93.08363,70,190.036034
93.923956,70,190.088239
92.747986,71,190.1456
93.387963,70,190.195258
92.834611,72,190.244287
93.469614,70,190.292301
93.93674,70,190.346329
92.966983,70,190.395644
92.873393,73,190.445593
94.243189,70,190.493385
93.954713,70,190.543216
93.995227,70,190.591625
94.090607,71,190.639942
94.049439,71,190.688036
92.344345,71,190.736987
92.932496,71,190.787758
92.515277,70,190.835372
92.857789,71,190.883679
93.487087,70,190.931049
92.782462,73,190.983179
93.30313,70,191.031742
93.335824,70,191.081428
92.921049,70,191.129802
92.693681,70,191.177799
93.189662,70,191.226403
92.529934,71,191.771105
92.837735,70,191.819818
92.99795,71,191.867823
93.137975,69,191.928476
93.307967,70,191.977141
92.742199,70,192.025926
93.68699,69,192.075595
92.87541,70,192.130611
92.420917,70,192.178601
92.828599,70,192.227158
92.639759,70,192.274947
92.847616,71,192.324586
93.702165,70,192.372123
93.631171,70,192.419915
93.089089,70,192.46891
93.08917,70,192.516619
93.22794,70,192.565132
93.766129,70,192.614255
93.024612,70,192.663045
93.697038,70,192.712923
93.380341,70,192.760847
93.241538,70,192.819874
92.36002,71,192.869153
92.628142,70,192.918854
92.882074,71,192.96824
93.540158,70,193.017588
92.822225,70,193.06699
93.333228,69,193.125027
92.673647,70,193.173456
92.809493,71,193.726049
93.353849,70,193.775033
93.182286,70,193.823511
92.552651,70,193.875078
93.401447,70,193.929258
93.197541,69,193.977635
93.66419,70,194.027315
92.63711,70,194.08038
92.708321,71,194.131669
92.28435,71,194.1807
93.289832,70,194.229993
93.6913,70,194.278675
92.758752,70,194.327
93.094938,71,194.377731
93.677381,70,194.427388
93.963482,70,194.478854
92.58,73,194.5287
93.536993,70,194.579873
93.607481,70,194.629431
93.218401,70,194.679234
94.237659,70,194.73054
92.43471,70,194.778461
94.063577,70,194.827889
94.212375,71,194.878883
93.020888,74,194.931261
93.486903,71,194.981559
92.60485,71,195.031863
92.390873,71,195.082309
93.260087,70,195.131476
92.688934,71,195.734906
92.593258,70,195.787744
93.931793,70,195.839838
92.614217,71,195.89072
92.439281,70,195.949522
93.481361,70,196.009287
92.699994,71,196.060546
92.965899,70,196.114401
92.659378,72,196.170278
93.501487,70,196.227625
93.590325,70,196.282947
92.792704,70,196.333193
93.03869,70,196.383858
93.276293,70,196.434154
92.567444,70,196.483634
93.155002,70,196.532658
92.529757,71,196.606652
92.577483,70,196.65853
93.894488,70,196.710588
93.151274,70,196.760264
92.490639,70,196.80824
93.936325,70,196.858639
94.265565,70,196.908988
92.752774,70,196.959503
93.781358,70,197.009122
93.382035,70,197.059544
92.289522,73,197.115313
92.762372,70,197.165826
92.698298,70,197.21657
93.376195,70,197.808736
94.139428,70,197.858932
93.048293,70,197.915059
93.181343,70,197.969966
92.669476,71,198.022932
93.346501,69,198.073874
94.130182,69,198.131999
94.196448,70,198.184508
94.174663,70,198.237831
93.014876,78,198.296752
92.594396,70,198.359898
93.006482,69,198.405611
93.094232,70,198.45574
92.795563,70,198.504699
92.879582,70,198.554717
93.002506,70,198.60618
94.016998,70,198.657403
93.748975,70,198.711318
94.157149,70,198.764456
92.510432,71,198.818036
92.803089,72,198.873865
93.559641,70,198.927569
93.263248,70,198.97975
93.286398,71,199.032583
93.427825,70,199.084569
93.904315,70,199.136297
93.449867,70,199.188241
92.718365,71,199.247186
92.912838,70,199.304154
93.824653,70,199.975132
92.918889,71,200.036645
93.457078,70,200.104676
92.834917,70,200.164366
93.683009,69,200.223663
92.757932,71,200.282582
94.014439,70,200.335337
93.991977,70,200.387475
93.856285,70,200.439212
93.201231,70,200.494992
93.293573,70,200.548567
94.392113,70,200.60426
93.157887,77,200.669641
92.999066,71,200.723871
92.97826,70,200.773613
93.635216,70,200.82387
93.169519,70,200.874655
93.16802,70,200.923915
93.378494,74,200.976448
94.216582,70,201.025337
94.469099,70,201.074413
94.172155,70,201.123781
93.791665,70,201.173376
93.95734,70,201.221586
93.325281,70,201.271482
93.007112,72,201.321026
94.336439,70,201.37086
93.546586,70,201.420419
93.940547,70,201.471163
93.086466,73,202.049054
93.67449,70,202.101671
93.610531,70,202.150477
92.962161,70,202.200848
94.2022,70,202.258543
93.358172,71,202.307813
93.571496,70,202.356871
93.180041,71,202.40688
93.077195,71,202.458751
93.173138,72,202.509249
93.670178,70,202.559413
93.055214,71,202.619421
93.887166,70,202.669537
94.213949,70,202.720311
93.302072,71,202.771412
93.96112,70,202.820863
93.231039,70,202.869992
93.600348,70,202.919962
93.817857,70,202.971288
93.176418,71,203.025428
93.940524,70,203.076438
93.158604,73,203.129724
93.509449,70,203.180882
93.665472,70,203.233181
93.139054,70,203.283137
93.297158,71,203.331546
93.126037,70,203.380044
94.028658,70,203.428925
93.391689,70,203.4777
93.075294,71,204.056597
93.351707,70,204.11037
93.133976,71,204.159981
93.056669,72,204.214637
93.89611,70,204.264881
93.533616,71,204.313701
93.234523,71,204.366939
93.073204,70,204.418268
93.15993,73,204.475358
94.365108,70,204.525227
93.465534,73,204.578053
94.039744,70,204.634146
93.226033,70,204.685062
93.308896,70,204.735534
94.028458,70,204.784791
93.248156,70,204.83604
92.878052,71,204.888195
93.635891,70,204.938217
93.581829,70,204.989365
93.378624,70,205.038687
94.044824,71,205.09345
93.4501,71,205.144066
94.255569,70,205.193827
93.004197,72,205.247977
93.117273,70,205.300228
93.378808,70,205.356529
93.377339,72,205.423568
93.165827,74,205.484833
94.471108,71,205.541467
93.267185,72,206.159886
94.033898,70,206.209784
94.03527,70,206.259852
93.533954,70,206.312036
94.365343,70,206.360723
93.825772,70,206.410659
93.027813,71,206.462266
94.372955,70,206.512454
93.162187,70,206.560805
94.432274,70,206.611894
93.132029,70,206.66303
93.085066,73,206.714842
93.531433,70,206.763916
94.053164,70,206.817195
93.385349,70,206.866542
93.208095,71,206.91714
93.664947,70,206.967937
93.499049,70,207.021404
93.122367,73,207.073875
94.261737,70,207.125113
93.354143,71,207.174927
94.045902,70,207.225557
93.195256,71,207.279408
93.694267,70,207.333209
93.147211,70,207.381063
93.77656,70,207.432744
93.486076,70,207.482274
93.835057,70,207.534273
93.673448,70,207.58671
94.078792,70,208.236918
93.300809,71,208.300923
94.521129,70,208.356663
93.321102,70,208.408936
93.305908,70,208.464789
93.429409,70,208.517564
93.511091,70,208.570656
92.88477,71,208.631114
93.171846,75,208.686807
94.446752,70,208.739285
94.194645,70,208.791589
94.446794,70,208.862001
93.477775,70,208.916989
93.994815,70,208.966618
93.189521,70,209.018027
93.270098,70,209.068649
93.824585,70,209.120307
93.487266,70,209.176004
93.885003,70,209.227452
93.820897,70,209.278105
93.389283,70,209.331205
93.231325,73,209.382879
94.015986,70,209.432084
93.471139,70,209.482913
94.45575,70,209.531936
93.821801,70,209.581074
94.336103,70,209.631337
93.127562,69,209.679167
93.582443,70,209.728175
93.128904,71,210.285686
93.688447,74,210.341174
93.938314,70,210.393311
94.481783,70,210.447882
94.07217,70,210.497628
93.731592,71,210.554806
93.826453,69,210.606245
93.565109,71,210.657927
94.441168,70,210.707699
94.279319,70,210.758281
93.733757,69,210.809563
93.523679,71,210.859826
93.467922,70,210.908995
89.861518,152,211.019569
93.698965,71,211.071916
94.07245,70,211.125633
93.557808,70,211.180177
94.544918,70,211.230377
94.299814,70,211.280892
93.551131,71,211.335059
93.593126,70,211.385895
94.028056,70,211.434729
94.037636,70,211.483902
93.270147,75,211.536054
93.597423,70,211.586108
93.262545,71,211.642753
93.372193,70,211.692676
93.482994,70,211.742062
94.636316,70,212.339207
93.615526,71,212.399129
94.578803,70,212.457959
93.589518,72,212.519846
93.645786,75,212.580964
93.593859,72,212.642684
93.92458,70,212.697337
93.849414,70,212.75022
94.26672,69,212.804872
93.557064,70,212.859026
94.129863,70,212.910322
93.615287,70,212.96128
93.495243,70,213.016172
93.571733,76,213.077521
94.10526,70,213.135723
93.936941,70,213.190434
93.729511,72,213.245329
93.984891,70,213.303154
93.667864,69,213.353391
93.453346,71,213.406751
94.554455,70,213.459329
94.142083,70,213.51418
93.67938,73,213.570505
93.656396,70,213.624793
93.450338,70,213.681446
93.433488,72,213.743954
93.495235,71,213.801116
94.11272,70,213.861126
93.539461,72,213.921821
93.605641,70,214.526654
93.419127,73,214.578096
93.460441,69,214.631322
93.92811,70,214.682454
93.881784,70,214.739018
94.049224,69,214.788802
89.949507,157,214.898514
94.474336,70,214.948103
94.344367,70,214.998205
93.98924,69,215.047127
94.478944,70,215.096056
94.203284,70,215.144813
93.46772,70,215.194192
93.926158,70,215.243341
93.368548,70,215.293422
93.941385,70,215.341716
93.427028,73,215.393646
94.004614,70,215.441939
94.488358,70,215.490755
94.14156,70,215.54096
93.568472,70,215.589377
94.596806,70,215.637278
94.209368,70,215.68646
93.323573,70,215.734389
93.485144,71,215.795687
93.275018,70,215.845018
93.601645,70,215.896154
93.499176,70,215.956476
93.846228,70,216.537317
94.008236,70,216.592706
93.388341,71,216.644493
94.517249,70,216.698002
94.252379,69,216.749411
93.363442,74,216.801472
94.231707,70,216.851754
94.284049,69,216.899426
93.366569,70,216.949039
94.204603,69,216.997616
93.327048,70,217.045909
93.404136,73,217.098494
94.004384,70,217.146707
93.3352,70,217.195711
94.4027,70,217.245171
93.413525,70,217.294083
93.167164,76,217.346142
93.840266,70,217.394223
93.582705,71,217.443881
93.452988,70,217.491498
93.511843,70,217.539596
93.311951,71,217.588968
93.882932,70,217.637844
94.498891,70,217.68655
93.223587,70,217.735017
93.426563,71,217.784298
94.291747,69,217.831303
93.395792,69,217.879038
94.38043,69,217.933658
93.773977,70,218.505332
93.296772,70,218.554735
93.137902,71,218.605438
93.465651,70,218.658026
93.70704,69,218.706885
93.356103,70,218.755432
93.312248,71,218.805009
93.796258,69,218.853133
94.298723,69,218.903017
93.505899,69,218.951682
93.532755,69,218.999793
93.139561,70,219.047389
93.375599,70,219.096418
94.29927,70,219.145159
94.035655,70,219.198039
93.667537,69,219.249064
93.357652,70,219.301354
94.020359,69,219.366012
89.43858,150,219.470501
93.276131,71,219.520176
93.137874,70,219.569475
93.699399,69,219.617688
93.230706,70,219.666149
93.418219,70,219.715416
93.598263,69,219.764719
93.290024,69,219.813265
93.156548,70,219.861713
89.421315,155,220.493336
93.922035,69,220.545545
93.664607,69,220.605995
93.940429,69,220.659351
93.203627,69,220.709051
94.14739,69,220.757839
93.649262,69,220.807707
93.443857,69,220.857916
93.03211,69,220.911973
93.034827,70,220.961245
93.156123,69,221.011524
93.802626,69,221.061968
93.117701,70,221.110564
92.783019,71,221.160088
93.723799,70,221.209193
93.028776,73,221.261144
92.515638,70,221.311204
92.936208,71,221.360648
92.834172,70,221.40973
93.262495,70,221.459187
93.021787,69,221.507816
94.095435,70,221.556091
93.167079,70,221.605013
93.456139,70,221.652324
93.944263,69,221.699971
93.310581,70,221.749045
94.32699,70,221.798331
92.743593,72,221.848551
93.372694,70,221.896581
93.122221,70,221.947914
93.405039,69,222.495654
93.178527,70,222.543641
92.923864,71,222.59301
92.978641,70,222.648338
93.113635,73,222.698692
93.509907,69,222.745621
92.957795,70,222.794244
93.51241,70,222.842303
92.97849,72,222.891354
93.924497,70,222.939665
94.002422,70,222.987975
92.95229,70,223.036045
93.473277,69,223.083546
94.082781,70,223.131627
93.306345,71,223.180699
93.957877,69,223.228802
93.705923,69,223.275973
93.824945,69,223.324075
93.023701,70,223.372401
94.149787,70,223.421349
93.255486,69,223.470031
93.874236,69,223.517358
93.172396,72,223.566994
93.491763,69,223.614308
93.36761,69,223.661804
94.135749,70,223.710125
93.353011,70,223.757353
93.755435,70,223.805886
93.798841,70,223.854846
93.295875,70,224.428863
93.601925,69,224.480913
94.216499,70,224.528973
94.195729,70,224.58939
94.095058,70,224.64651
93.684612,69,224.701345
93.982041,70,224.750849
93.725353,69,224.798593
93.857621,70,224.847674
93.522221,69,224.8969
94.101806,70,224.944921
93.316343,69,224.99265
93.14125,70,225.041841
93.111261,70,225.090468
93.33654,70,225.138917
93.843964,69,225.186734
93.50233,69,225.233657
93.478193,69,225.281568
93.21446,69,225.328537
93.329297,71,225.377508
93.336783,69,225.4246
93.470359,69,225.471962
93.335339,76,225.523599
93.500644,69,225.570676
94.42846,70,225.619558
93.271306,75,225.67091
94.10508,70,225.719299
93.618465,69,225.76671
93.861712,69,225.814237
93.353964,70,226.345723
89.072799,157,226.453574
94.091754,69,226.503449
93.105669,70,226.552042
93.334622,70,226.59968
93.267072,71,226.650046
93.260557,70,226.697889
93.51897,70,226.745008
94.171217,69,226.793035
93.08878,70,226.841975
93.222338,71,226.890614
93.120762,71,226.940195
93.136397,69,226.990217
94.173298,69,227.03834
93.545186,70,227.087176
93.946502,69,227.136502
92.988646,69,227.184929
93.759021,69,227.232442
93.272125,71,227.281319
93.200075,69,227.329508
93.882381,69,227.377407
93.526542,70,227.425881
93.832645,69,227.475044
94.211463,69,227.523481
93.602626,69,227.569854
93.800315,69,227.618871
93.402364,72,227.670102
93.234327,70,227.718449
93.389089,71,228.276804
93.716481,69,228.325405
93.5191,76,228.378231
93.505628,71,228.421465
93.786801,70,228.474837
93.458528,69,228.523853
94.227553,69,228.571656
93.896088,69,228.620396
94.09465,69,228.66791
93.588292,69,228.715553
93.475588,70,228.763262
94.080376,69,228.810652
93.314957,70,228.859242
93.235387,79,228.914252
93.454535,71,228.962892
94.00031,69,229.010898
93.658437,69,229.05902
94.349705,70,229.106909
94.403131,70,229.157232
93.692272,70,229.206296
93.673148,70,229.255671
93.892768,69,229.30667
93.367039,71,229.358832
93.84939,69,229.406336
93.867303,69,229.454363
94.186928,69,229.503906
93.676629,70,229.555202
93.728077,69,229.60372
89.660816,155,230.254001
94.186614,69,230.303596
94.159996,70,230.351733
93.527466,71,230.408336
93.218398,69,230.458009
94.420321,70,230.507096
93.4995,72,230.556359
94.489839,69,230.604111
94.594197,70,230.653512
93.865816,69,230.702121
94.59293,69,230.749394
93.738612,70,230.798346
93.440559,70,230.846864
93.69314,75,230.901218
93.654259,70,230.950992
93.630689,70,231.000427
94.057474,69,231.051231
93.67032,72,231.101387
94.662607,70,231.151563
94.592665,70,231.200087
93.433296,70,231.249558
94.036154,69,231.297103
93.616313,70,231.345237
94.066822,69,231.392966
93.497617,70,231.44009
94.346887,69,231.489758
93.548403,70,231.539627
93.454172,70,231.592221
94.470173,70,231.646259
93.559749,71,232.228326
93.957321,69,232.278631
94.397368,69,232.325883
93.529323,70,232.374175
93.784417,69,232.428252
94.179915,70,232.477997
93.46869,79,232.536002
93.565654,69,232.584017
93.284433,76,232.63782
93.2944,75,232.690229
93.798076,70,232.738796
93.983808,69,232.786312
93.772624,72,232.835392
93.633286,70,232.883677
93.62316,70,232.932505
93.646197,69,232.981205
93.698635,70,233.032396
94.106522,70,233.08224
93.959796,72,233.13221
93.859151,69,233.180023
94.223476,69,233.227821
93.525392,74,233.27894
94.642324,70,233.327726
94.597455,70,233.376231
89.891427,148,233.478391
93.793515,69,233.526778
93.930243,69,233.57413
93.629633,70,233.624651
93.700011,70,234.230671
93.547845,70,234.28534
93.769387,79,234.341584
93.737018,70,234.396031
93.868555,73,234.446086
90.396529,155,234.554356
93.901675,70,234.602675
94.540716,70,234.65204
94.314574,70,234.70067
93.687592,70,234.749423
93.297792,71,234.79882
94.031528,70,234.847142
94.376476,70,234.895376
94.399653,70,234.958052
93.981926,70,235.007459
94.348386,69,235.059251
94.268332,70,235.128855
93.729202,71,235.177449
93.733884,75,235.229634
94.767554,70,235.278143
94.460736,70,235.327737
93.598112,70,235.375416
93.786689,69,235.422544
89.947274,161,235.548575
93.935679,70,235.597157
93.791347,75,235.649411
94.124965,70,235.699968
93.902332,70,236.283403
93.989038,70,236.337789
93.672417,70,236.387872
93.732537,69,236.438691
90.217351,148,236.545573
90.080164,151,236.653492
94.471726,70,236.701556
94.131778,70,236.751295
93.664455,71,236.803378
93.750899,70,236.851224
93.850875,70,236.904815
93.889937,69,236.956179
93.945056,69,237.004724
93.854841,77,237.059007
94.121082,69,237.108387
93.488016,69,237.157038
94.064425,70,237.207955
94.355459,70,237.259501
93.780379,72,237.313045
93.583202,70,237.362674
93.886505,70,237.412758
94.233929,69,237.461793
94.366821,70,237.514639
94.512018,70,237.565982
93.755055,73,237.619966
90.202624,154,238.253661
93.776135,70,238.314842
94.483528,70,238.369251
90.583797,159,238.48766
94.005356,70,238.536661
93.728706,72,238.58889
94.014691,72,238.641604
93.71587,70,238.691135
93.590157,71,238.7389
94.155182,70,238.787824
94.293638,70,238.836918
94.494359,70,238.886297
94.018246,70,238.934797
93.792474,70,238.98437
93.869509,81,239.042248
94.318919,70,239.094156
94.592922,69,239.145505
93.765618,70,239.195923
94.590213,70,239.247238
94.476018,70,239.298196
93.987371,69,239.347679
90.158851,161,239.459571
94.478844,70,239.507565
94.290784,70,239.559095
93.792485,70,239.609831
94.738044,71,239.659545
94.522059,70,239.707867
93.510709,74,240.29243
94.196493,70,240.356113
94.004266,70,240.406501
94.457722,70,240.460626
94.369918,69,240.509212
94.31686,70,240.558216
94.601953,70,240.607281
93.290973,71,240.65619
93.958163,69,240.703542
94.448173,70,240.752336
94.618232,70,240.802851
90.19033,150,240.906663
93.316941,70,240.956423
93.116214,70,241.006934
94.380926,70,241.057214
94.549159,70,241.110092
93.299008,77,241.16709
94.092619,69,241.225716
93.372032,70,241.277604
93.586255,73,241.332311
93.479871,70,241.381275
93.874551,70,241.429345
93.576472,70,241.478856
94.033307,70,241.5268
93.938933,70,241.575535
93.562238,70,241.625389
94.348277,69,241.673518
94.207371,69,241.721434
93.412423,70,242.314722
93.545189,72,242.364886
94.668301,70,242.415731
94.55693,70,242.472126
89.783748,156,242.582555
93.477785,70,242.633085
94.105754,69,242.680875
93.613553,69,242.72974
93.906508,70,242.777718
93.281799,70,242.826464
93.507879,72,242.876436
93.255112,69,242.923995
93.027135,74,242.975401
93.609506,69,243.023201
94.642689,70,243.073052
93.783309,70,243.122557
93.991595,69,243.170187
94.137986,69,243.218756
94.291361,70,243.270333
93.458267,75,243.323227
94.336954,70,243.372054
94.477864,70,243.420532
94.130394,70,243.471226
94.399038,70,243.520593
94.790854,70,243.568705
93.579923,70,243.61732
93.49805,75,243.67222
93.990608,70,243.722864
94.12667,70,244.310967
94.105165,70,244.361569
94.477614,70,244.411976
94.391138,70,244.464556
93.299962,71,244.515596
94.473993,70,244.565713
94.503189,70,244.614988
93.358195,70,244.665347
93.704749,69,244.714466
93.843325,69,244.763053
93.353559,71,244.813929
93.975359,70,244.862514
93.466819,70,244.911086
93.486425,69,244.961251
93.445109,71,245.011106
93.450512,70,245.061778
94.411288,70,245.112001
93.074589,70,245.161101
93.065744,70,245.210195
94.149268,70,245.259697
93.408526,72,245.312483
93.466475,71,245.361901
93.999589,70,245.411002
94.616006,70,245.463227
94.051541,69,245.514347
93.742199,70,245.565005
93.166621,71,245.63275
93.351925,70,245.686698
93.140295,71,245.73748
93.624367,69,246.332154
94.012707,70,246.381513
94.254067,70,246.430518
94.242729,69,246.481712
93.378969,69,246.534199
93.277907,70,246.599589
94.58231,70,246.654399
93.175556,71,246.702583
93.553488,69,246.749807
93.287189,70,246.798876
94.148388,70,246.847001
93.077972,70,246.894559
94.085187,70,246.943499
93.294879,70,246.992525
93.652469,70,247.039987
94.217791,69,247.087903
93.911411,70,247.136208
93.750805,69,247.185058
93.92384,70,247.235106
94.268412,70,247.283638
94.162058,70,247.333562
93.745067,69,247.383008
94.448802,70,247.431186
94.152474,70,247.483163
93.208908,71,247.531613
92.86613,70,247.579478
93.244335,71,247.630733
93.776848,69,247.679658
94.35032,70,247.728343
93.265804,70,248.319386
93.127597,71,248.380642
93.986692,69,248.44204
93.881466,70,248.492228
93.475221,69,248.540789
94.070554,70,248.589248
93.402252,74,248.642434
93.538095,69,248.692393
93.312193,71,248.741648
93.544768,72,248.79494
93.853918,69,248.84642
94.062792,70,248.898811
94.058853,70,248.949733
94.316537,70,249.000609
94.200417,70,249.050648
94.188343,69,249.100105
93.074457,70,249.150697
93.215503,73,249.204679
92.869804,70,249.255951
93.452512,70,249.306895
93.552482,69,249.358104
93.052676,70,249.408338
93.275456,70,249.457906
93.440049,69,249.507993
93.29807,70,249.559042
93.00595,70,249.6101
93.815385,69,249.66557
93.384298,70,249.715713
93.977437,70,249.766101
94.419641,70,250.347196
92.968086,70,250.399426
93.189645,69,250.450381
93.205412,70,250.503107
92.698813,70,250.552799
94.208606,70,250.606569
92.914921,71,250.658065
93.725441,70,250.705971
93.985138,70,250.754509
93.205255,72,250.806161
94.301385,70,250.875015
94.284683,69,250.924931
93.625007,69,250.977595
94.121778,70,251.0276
94.386361,70,251.07684
93.641515,69,251.127111
93.191508,70,251.178681
93.977412,70,251.228929
92.934014,71,251.279798
93.403294,70,251.330283
93.121863,73,251.382341
93.662865,70,251.431426
94.06793,70,251.479825
93.013721,69,251.529441
94.310449,70,251.578958
93.981801,70,251.632622
93.986338,70,251.682951
94.254936,70,251.733842
92.885158,70,251.78245
92.926455,70,251.834525
93.900529,70,252.430719
92.756753,70,252.481166
93.939595,70,252.533031
93.660941,69,252.591534
93.101162,71,252.643894
92.940023,71,252.693783
94.155197,70,252.744278
92.799549,70,252.794596
92.922548,70,252.844076
93.89507,69,252.893574
93.525089,69,252.944569
93.447787,69,252.996465
93.111635,69,253.045647
93.565184,70,253.096568
93.104785,72,253.148816
93.138687,70,253.198815
93.233867,69,253.251674
94.014796,69,253.300505
93.003234,69,253.349654
93.040827,70,253.400233
94.147573,70,253.450363
93.858995,70,253.502028
93.079169,70,253.551936
93.393943,69,253.601128
94.160749,70,253.651005
93.905129,70,253.700697
92.868315,69,253.748841
94.348863,70,253.799061
93.367486,69,253.855587
93.123045,69,254.438076
94.141087,70,254.489962
93.311394,69,254.538727
93.786456,70,254.595908
93.759578,70,254.64555
93.008244,69,254.693264
93.463492,69,254.741844
93.489165,70,254.794053
93.11122,71,254.845423
92.987991,72,254.89683
93.533335,69,254.947069
93.066499,69,254.998678
94.189662,70,255.049948
93.496015,70,255.099864
93.213345,71,255.154184
93.029056,72,255.211786
92.873159,71,255.264942
93.328046,69,255.316161
92.845576,70,255.367267
93.595184,69,255.419064
93.218451,73,255.470597
93.605378,69,255.520458
94.228796,70,255.57141
93.207331,70,255.621413
93.959842,69,255.672341
93.301905,70,255.721894
93.800726,70,255.771584
93.055286,69,255.820876
93.947034,69,255.870599
93.448291,69,256.461546
93.363829,69,256.513495
93.480618,69,256.561785
93.881351,70,256.617601
92.878182,70,256.669989
93.215917,70,256.720646
93.095543,72,256.772704
93.608565,70,256.821986
92.718667,69,256.872711
92.964545,70,256.92065
92.99437,70,256.971389
93.456745,70,257.020836
93.012012,70,257.070309
92.50848,70,257.119792
93.270521,72,257.169568
93.167456,70,257.219324
94.027911,70,257.268456
93.195454,73,257.318494
92.721173,71,257.369982
92.870414,70,257.419849
94.149279,69,257.469629
92.888508,69,257.517683
93.342237,69,257.564344
93.66909,69,257.61375
92.830116,70,257.662865
93.648449,70,257.712347
94.143801,70,257.760592
92.942101,71,257.811906
93.064898,69,257.859055
93.336871,70,257.908727
93.575501,70,258.483491
94.208364,69,258.533518
93.098076,70,258.583566
93.064235,71,258.640643
92.74469,70,258.695131
93.42534,69,258.742287
93.157101,69,258.791487
93.696182,70,258.839522
92.937523,70,258.895527
93.408008,71,258.947834
92.812084,71,258.997344
94.189142,70,259.044813
93.14128,70,259.094188
93.504584,70,259.143979
92.946068,70,259.192621
92.880792,69,259.24152
94.321986,70,259.289935
92.772663,71,259.342118
93.778567,70,259.391458
92.94406,70,259.439225
93.127394,72,259.490007
93.023161,70,259.538985
93.578955,69,259.586743
94.236749,70,259.642516
92.97087,70,259.691209
93.015772,71,259.742624
93.240294,69,259.794505
93.098233,72,259.845678
93.634698,69,259.896543
92.706917,70,260.480922
93.210881,69,260.528855
92.835328,69,260.577409
92.935116,71,260.636357
92.61956,70,260.688605
93.744704,70,260.738513
93.562303,69,260.78807
93.898023,70,260.837199
93.586624,70,260.886269
92.852792,70,260.934508
93.743188,69,260.982507
92.841373,70,261.03098
93.52563,69,261.079538
92.946849,70,261.128187
94.022889,70,261.17704
94.065197,69,261.22611
92.904899,71,261.280679
92.883567,69,261.339917
93.96688,70,261.395956
93.388321,69,261.44681
93.633595,69,261.49465
93.560266,69,261.541658
92.827621,69,261.59015
92.98464,70,261.637665
93.992468,70,261.686645
93.707707,70,261.734255
93.028187,72,261.784847
93.99406,69,261.831486
93.21485,69,261.878112
93.700955,69,262.454848
93.829235,69,262.505366
93.693507,70,262.553243
93.270342,69,262.601234
93.42648,69,262.65224
92.961911,69,262.701465
93.167699,70,262.749533
92.836723,70,262.797936
92.857091,70,262.847548
92.884214,69,262.895477
92.956368,69,262.943617
93.315717,70,262.993434
92.935965,70,263.041219
92.928291,70,263.089747
94.1791,70,263.137913
92.890903,69,263.185045
93.822324,69,263.232157
93.845287,69,263.27987
92.992762,72,263.329045
93.011633,69,263.375477
93.158754,73,263.426755
93.06267,69,263.475603
93.172342,69,263.5225
94.009138,70,263.569393
93.18107,69,263.616275
92.70393,70,263.665025
93.578675,69,263.712938
93.723343,70,263.760278
93.351198,69,263.807522
93.797857,69,263.854311
92.922547,69,264.427264
94.17648,69,264.476002
93.460958,69,264.524369
92.73139,70,264.577071
92.91834,70,264.627046
93.473992,69,264.674608
92.940039,70,264.723297
92.982155,69,264.773402
93.079234,69,264.822998
93.343591,69,264.871019
93.454248,69,264.919019
93.234351,69,264.9703
94.155311,70,265.019422
93.535023,69,265.067438
93.577572,69,265.119445
93.02019,69,265.167743
93.434898,69,265.219121
92.860378,70,265.270011
93.075195,69,265.318523
93.087811,69,265.365832
92.95677,70,265.415328
93.972077,70,265.464309
93.922585,70,265.513691
93.43817,69,265.569805
93.107205,73,265.622216
93.756204,70,265.670366
94.03278,70,265.719467
93.305726,72,265.768838
94.206833,69,265.817168
93.428396,69,266.35907
93.422171,69,266.406409
92.992596,70,266.455217
93.045124,69,266.502415
93.341276,72,266.555463
93.011795,69,266.617942
93.440284,69,266.665822
92.988049,70,266.714933
92.884023,70,266.762434
93.927683,69,266.810491
93.123541,70,266.858716
92.779097,69,266.906917
93.732288,68,266.954501
93.353363,70,267.004189
93.776141,69,267.053368
92.896464,69,267.102496
93.886264,69,267.150504
93.855767,69,267.199677
93.722781,69,267.249017
92.930148,70,267.30014
94.035867,69,267.348287
93.080712,69,267.39764
93.368274,69,267.446128
93.164648,69,267.49795
93.991018,69,267.546203
93.42708,69,267.594502
93.718348,69,267.642863
93.227219,71,267.692323
93.07561,69,267.741654
92.976991,71,267.793278
93.92299,69,268.398652
93.290071,72,268.448226
92.898106,70,268.499567
92.835928,70,268.548275
93.580313,69,268.595922
93.650313,69,268.644893
93.002817,71,268.69402
93.080089,70,268.743469
93.798808,69,268.792687
93.653507,69,268.84097
93.243084,69,268.888343
93.350921,69,268.937065
93.567578,69,268.986165
93.50911,69,269.033556
93.216669,69,269.081382
93.933704,69,269.128659
92.846692,69,269.176222
92.882652,69,269.223608
93.355523,69,269.271995
93.633219,69,269.320261
93.678433,69,269.36904
93.003684,69,269.416185
93.253238,74,269.467539
93.21779,69,269.515786
93.917098,69,269.563374
93.520289,69,269.61097
93.842467,69,269.659181
93.483323,69,269.708783
93.58528,69,269.758581
93.231331,72,270.340175
93.670061,69,270.390351
93.418381,70,270.439439
93.609695,69,270.494583
93.290054,70,270.543398
93.793872,69,270.59145
93.278005,70,270.639184
93.189748,69,270.686704
93.147073,70,270.735099
93.492337,75,270.78649
93.815692,69,270.835401
93.651413,69,270.88561
93.713861,69,270.932615
94.076302,69,270.982393
93.718674,69,271.033526
93.357013,69,271.081012
93.356105,69,271.12884
93.226566,69,271.177683
94.007561,69,271.229042
93.457925,71,271.278574
93.833827,69,271.326571
93.347353,69,271.373926
93.804984,69,271.422222
94.086823,69,271.47074
93.950268,69,271.519531
93.843147,69,271.568626
93.40852,70,271.61858
92.951333,70,271.669165
94.269993,70,271.718916
94.21671,69,271.766579
93.508016,70,272.371476
94.093184,69,272.421951
93.413058,69,272.477129
93.767206,69,272.526053
93.51854,69,272.573972
93.2126,70,272.621494
93.259318,69,272.669044
93.135407,69,272.716965
93.416127,71,272.766491
93.214191,69,272.824023
93.839988,69,272.87113
93.744595,69,272.918196
94.163137,70,272.965662
93.555232,69,273.016027
93.560836,69,273.063719
93.689017,69,273.114091
93.827875,69,273.161092
93.117328,69,273.20855
93.411367,72,273.258619
93.780063,69,273.306374
93.826326,69,273.354121
93.920424,69,273.401536
94.148936,69,273.448684
93.607717,69,273.49649
93.283103,70,273.544025
93.673589,69,273.591687
93.424862,69,273.63908
93.68943,69,273.686562
93.376266,71,273.73434
93.808065,70,274.313638
93.199864,69,274.362154
93.590669,72,274.413177
93.382771,69,274.465187
93.213938,69,274.513409
93.445444,69,274.561442
93.429141,70,274.609852
93.400186,69,274.657306
93.478541,73,274.707964
93.729034,69,274.755634
94.105226,69,274.803479
93.984506,69,274.851447
93.617912,70,274.899595
93.558675,71,274.949571
93.56709,69,274.997263
93.871853,69,275.043962
94.063619,69,275.091796
93.584627,69,275.139211
93.679192,69,275.187128
94.112613,69,275.23592
93.7016,69,275.2868
93.914765,69,275.335448
93.598717,69,275.384662
93.583534,69,275.431957
93.869004,69,275.479529
93.40365,69,275.528221
94.069537,69,275.576231
93.322158,70,275.624169
93.269008,70,275.672127
93.265811,69,275.718473
93.848945,69,276.27358
93.435998,70,276.322606
93.456164,69,276.370839
93.285033,70,276.422676
93.444688,69,276.470597
94.115096,69,276.517557
93.749176,75,276.568027
93.421748,69,276.616239
93.265043,69,276.663729
93.227147,69,276.710802
93.645244,73,276.761304
93.415313,69,276.809682
93.525193,71,276.858351
93.238982,69,276.905822
93.614533,70,276.955601
93.86961,69,277.003118
93.57491,69,277.049587
93.808288,69,277.111925
94.002832,69,277.156142
93.985782,69,277.204363
93.908719,70,277.252928
94.140851,69,277.301063
93.957316,69,277.3486
93.580737,69,277.397425
93.608277,69,277.445642
93.207078,70,277.495324
93.445505,69,277.542814
94.034417,69,277.590087
93.402395,69,277.6364
93.549018,70,278.187555
93.584219,78,278.24286
93.769629,74,278.293483
94.61985,70,278.342494
93.474744,70,278.391474
93.418046,74,278.449489
93.625011,70,278.497481
89.229243,153,278.601915
93.730741,69,278.648743
93.973813,76,278.700976
93.664249,69,278.748823
94.027395,69,278.795923
93.420867,71,278.845445
93.835439,70,278.894706
93.673235,70,278.942844
93.860916,69,278.989858
93.907738,69,279.036855
93.319017,70,279.085487
94.445576,69,279.133562
93.433836,70,279.182117
94.279649,69,279.229907
93.528483,70,279.277643
93.758232,69,279.32524
94.428239,69,279.373548
94.093011,69,279.420838
93.861588,72,279.471507
93.54584,69,279.518786
94.071093,69,279.565546
94.301456,69,280.101257
93.588762,69,280.149842
94.674171,69,280.198329
93.732159,70,280.250281
93.705395,73,280.301023
93.712992,70,280.349391
94.23018,69,280.396882
93.717517,70,280.445483
94.205569,69,280.493237
94.443714,69,280.540612
93.731978,71,280.590006
93.980919,69,280.637233
93.928863,69,280.684891
93.911273,76,280.737032
94.188388,69,280.784595
94.022761,69,280.832327
94.172419,69,280.87902
94.025078,69,280.92613
94.166949,69,280.974259
94.092762,69,281.021679
90.175107,145,281.122
93.663053,70,281.169868
93.87242,69,281.217021
93.900047,72,281.266687
93.912625,71,281.315346
94.027704,69,281.362693
94.531408,69,281.410697
93.977408,69,281.457978
93.869458,69,282.003501
93.97045,69,282.052049
94.618193,69,282.102718
93.974317,69,282.156359
93.988536,69,282.206041
94.518536,69,282.255324
93.791877,69,282.304701
93.912455,69,282.371345
93.925383,69,282.415879
93.967748,69,282.465166
94.182243,69,282.513414
94.370068,69,282.560882
93.486749,70,282.610224
94.095868,69,282.65774
94.202584,69,282.707295
93.828135,71,282.756414
93.848463,69,282.804545
94.305091,69,282.852111
93.679849,69,282.899841
93.366132,69,282.947802
94.241911,69,282.996679
93.733691,70,283.044447
93.83116,70,283.092641
89.670409,156,283.19926
93.632776,69,283.246505
93.723466,69,283.293573
93.737006,71,283.342885
94.033301,69,283.390475
93.702838,70,283.914981
94.321452,69,283.965882
94.20126,69,284.014243
93.525374,76,284.067295
93.615914,71,284.116408
94.610008,70,284.169818
94.362782,69,284.217547
94.101315,69,284.265796
93.550924,69,284.313572
93.556298,70,284.361667
93.577228,74,284.411883
94.318673,69,284.458858
94.251766,69,284.506648
94.471212,69,284.5546
93.757417,69,284.601891
93.619497,71,284.649565
93.837096,70,284.697261
93.824723,69,284.745565
93.577034,72,284.794913
93.536447,70,284.843051
93.307844,70,284.891984
94.034083,69,284.939458
93.383443,69,284.989996
94.241625,69,285.040033
94.162708,69,285.090303
94.522262,70,285.14
93.345025,70,285.187422
94.289454,69,285.234367
94.278528,69,285.282259
93.393366,71,285.331371
94.369692,70,285.857707
93.915672,69,285.905337
93.376777,69,285.956418
94.133834,69,286.003737
94.413233,69,286.051349
94.34161,69,286.103034
94.21673,69,286.151031
93.771594,69,286.199852
93.821946,69,286.248137
93.828021,69,286.296398
93.476012,70,286.345286
94.278618,69,286.394425
94.428187,69,286.448528
94.066686,69,286.497648
93.356442,69,286.545217
93.760794,69,286.593689
93.48877,69,286.641622
93.549558,69,286.690043
93.828405,69,286.738167
93.672684,69,286.78616
93.728736,69,286.834495
94.08639,69,286.88221
93.809814,69,286.929842
93.538508,71,286.978752
89.184439,153,287.086428
93.554152,70,287.135217
93.712891,71,287.184726
94.491027,69,287.232788
94.259952,69,287.778166
94.355254,69,287.8255
93.727352,73,287.875221
94.199695,69,287.926877
93.655384,72,287.977187
93.932146,70,288.026097
93.975621,69,288.074872
93.97613,69,288.129115
93.501949,70,288.176587
94.252909,70,288.225202
93.973628,69,288.27235
93.35186,74,288.322526
93.670047,69,288.370203
93.665661,70,288.418831
94.014783,74,288.470659
93.921093,72,288.519506
94.212408,69,288.566367
94.433919,69,288.613889
93.608781,70,288.66312
94.164567,69,288.710917
93.836339,69,288.757877
93.576605,70,288.805024
93.621313,69,288.853042
94.165113,69,288.90002
93.36651,70,288.949285
94.052783,69,288.996408
93.560519,69,289.044868
93.574071,69,289.092329
93.554856,70,289.140569
93.748508,69,289.690499
94.320269,69,289.738805
93.560056,72,289.789676
93.680444,71,289.839128
94.087235,69,289.888648
93.933973,69,289.935731
93.512172,70,289.98396
93.547726,69,290.032998
89.691409,150,290.139715
93.534009,69,290.189146
93.591993,69,290.238029
93.601505,69,290.286339
93.586854,69,290.341866
93.572897,71,290.391732
93.601088,71,290.441207
94.261652,70,290.491399
93.677271,69,290.53792
93.335719,69,290.585136
93.617129,69,290.634178
93.697526,73,290.687027
94.338394,69,290.734468
93.53515,70,290.78204
93.353127,70,290.832044
94.17891,69,290.880884
93.772344,69,290.928457
93.677117,69,290.977368
93.433882,70,291.025974
93.912913,69,291.07527
