#{"t_start": 1521329159.89264, "env_id": "Hopper-v2"}
r,l,t
9.658683,22,2.971115
5.497544,25,2.993108
7.213446,14,3.003321
14.060916,19,3.016744
7.302334,15,3.028286
17.636517,20,3.042132
9.289128,12,3.050661
16.060317,24,3.06719
29.279068,32,3.093405
20.654259,34,3.119146
17.623651,18,3.13882
16.122666,29,3.169362
9.60507,14,3.184955
7.995057,18,3.210701
6.148912,10,3.217642
18.15265,21,3.232186
7.242519,11,3.240523
10.417465,18,3.253159
7.913116,11,3.260873
6.009615,13,3.270049
33.434424,30,3.290857
10.592073,17,3.303895
7.218629,12,3.312089
9.549978,31,3.332474
6.425329,9,3.338468
8.836209,17,3.349946
14.421316,16,3.36132
7.042912,13,3.371149
5.713546,15,3.381644
7.943496,10,3.388759
21.800394,47,3.424873
5.343103,13,3.434102
6.111954,11,3.442018
20.627836,17,3.454721
31.400168,27,3.473569
8.820911,14,3.483184
11.939053,13,3.492016
11.481897,14,3.503868
16.441521,19,3.519478
3.585218,7,3.526728
4.504789,9,3.534331
9.605635,13,3.543582
10.680428,12,3.551678
51.78662,43,3.580278
15.207437,23,3.596195
6.098042,11,3.605042
16.098435,29,3.626754
16.996482,24,3.649043
8.181313,13,3.664034
22.650258,19,3.690167
14.847697,19,3.711618
8.031709,21,3.745311
38.026376,43,3.79658
19.930231,24,4.308477
13.709489,15,4.318694
34.429607,43,4.353749
5.326869,9,4.360383
11.226062,28,4.380243
7.823359,29,4.400923
18.093721,21,4.415231
6.471067,9,4.422733
82.246755,51,4.45782
8.635728,20,4.471916
18.934851,18,4.483383
19.365898,20,4.497467
10.578078,14,4.507054
19.719531,18,4.51982
11.445017,13,4.530179
20.549596,39,4.559212
8.456315,10,4.56591
11.700699,13,4.575507
21.949988,21,4.589252
32.513495,31,4.610778
12.597712,30,4.631523
18.144522,20,4.6468
30.392518,27,4.665919
75.739477,46,4.696409
22.504323,20,4.709775
7.774515,10,4.716364
7.568287,10,4.723289
9.934249,19,4.744495
9.104931,12,4.753472
11.476325,16,4.764735
5.06537,10,4.772103
27.768844,25,4.789283
8.269153,14,4.799051
14.727395,29,4.819589
14.558758,25,4.838985
11.555431,19,4.860592
9.558726,15,4.872249
8.75259,11,4.879731
19.587907,31,4.901125
10.894116,13,4.910291
30.57623,26,4.931387
7.324951,9,4.941867
22.543147,32,4.969472
16.724767,17,4.980445
23.29146,29,5.00076
185.47533,91,5.20023
10.636156,16,5.212482
76.185439,71,5.267277
8.339966,13,5.276643
14.596699,19,5.289907
33.934985,28,5.308324
78.471776,52,5.341559
37.947457,42,5.372765
8.414964,13,5.381916
17.252444,18,5.395129
56.884474,41,5.422367
24.866652,24,5.439023
13.848429,22,5.455113
12.917629,17,5.468738
10.109316,16,5.479744
17.892913,26,5.497754
21.52387,46,5.5281
21.110252,20,5.541298
11.310582,15,5.551336
14.004576,17,5.564133
9.629999,12,5.573954
13.481536,14,5.583558
23.936347,27,5.60154
41.494863,31,5.62192
10.579089,20,5.635458
15.488394,19,5.647958
9.886791,17,5.659602
23.760602,27,5.680007
28.063617,23,5.695502
25.262048,25,5.712306
9.615623,18,5.72627
34.932725,29,5.750219
30.859618,34,5.775941
9.88383,16,5.788147
211.943134,97,5.856195
117.29552,69,5.903837
152.403669,80,6.089489
15.984849,15,6.102376
8.711621,27,6.121106
60.052091,46,6.153909
14.81794,16,6.164987
26.16129,22,6.181872
47.059289,34,6.208751
10.724503,17,6.220828
8.010103,11,6.228687
162.555026,81,6.287482
8.038241,12,6.297664
25.756053,30,6.319108
15.483985,18,6.331221
18.933396,25,6.347968
19.288202,19,6.36055
180.098216,89,6.419495
27.194183,29,6.438321
7.293426,10,6.444745
13.122342,16,6.455172
17.700046,20,6.467959
27.72987,28,6.486977
89.012739,63,6.532108
5.870528,8,6.537783
72.876411,63,6.577216
55.508289,57,6.618311
14.462151,16,6.630879
17.814308,17,6.642816
37.548187,32,6.663457
19.159549,19,6.675663
13.042593,26,6.69243
15.34712,29,6.713279
31.744337,46,6.749393
52.41994,39,6.914359
116.301545,73,6.969642
7.662341,11,6.978068
75.698762,49,7.011659
14.09249,19,7.029111
61.085022,37,7.05514
50.416533,50,7.089626
88.288008,49,7.121728
76.990622,49,7.154742
45.241332,35,7.177959
17.100027,30,7.198441
48.863538,35,7.221889
17.259311,23,7.240853
35.433338,30,7.262138
8.653561,12,7.271371
12.589202,17,7.283767
134.907289,69,7.333367
34.720372,29,7.355405
142.533893,83,7.414239
19.056208,19,7.428581
87.098291,52,7.464899
64.266507,47,7.495346
65.902949,39,7.520458
46.548867,28,7.54123
27.163859,24,7.557181
56.625053,51,7.589145
70.231894,59,7.760879
154.53433,79,7.816256
18.609742,25,7.832721
70.595074,45,7.864153
35.289302,38,7.888986
18.540021,52,7.92314
43.541489,32,7.946266
70.304769,41,7.973881
200.582665,89,8.036445
108.193368,60,8.083646
127.15155,65,8.138535
19.503,19,8.159636
66.63949,51,8.21141
6.528395,29,8.23943
31.062828,26,8.263648
207.674695,90,8.346586
173.962894,80,8.425973
209.159906,95,8.507381
69.796598,41,8.539058
11.000829,17,8.550604
7.828471,10,8.557851
146.505971,78,8.747067
205.167564,119,8.856914
100.221174,54,8.911607
107.021893,58,8.965118
124.7151,65,9.031538
15.268249,43,9.074358
219.457097,120,9.188072
20.064951,43,9.230154
274.268963,169,9.370913
21.683952,20,9.384346
57.677072,35,9.411234
213.926342,93,9.493671
16.29967,16,9.513192
222.193222,116,9.627786
115.354423,68,9.875752
242.442398,128,9.981808
137.691084,90,10.047287
156.333645,78,10.104303
137.815482,70,10.185473
169.051817,81,10.274206
11.341067,27,10.299023
152.798674,77,10.373359
124.322074,70,10.435937
204.482424,92,10.524776
176.119494,100,10.61283
170.700543,100,10.682814
167.905297,103,10.886724
55.372264,33,10.910565
138.329635,67,10.960559
188.838035,98,11.032892
193.094791,92,11.103472
211.6886,96,11.177628
45.925205,45,11.214341
42.144624,37,11.240198
53.692191,32,11.265005
226.188703,113,11.341325
164.101591,76,11.39688
88.695327,49,11.429122
205.065315,93,11.493345
133.731044,66,11.53609
217.710665,108,11.734951
107.977518,68,11.784005
11.105434,38,11.810694
226.362321,114,11.88486
221.804414,107,11.956205
229.139344,106,12.028996
218.596462,101,12.098263
214.484817,103,12.172197
131.086912,73,12.228484
242.94695,123,12.31806
210.716377,106,12.389237
240.947112,115,12.591447
216.968134,100,12.659383
204.704616,93,12.722717
173.831227,80,12.782365
209.498981,94,12.84608
203.330022,91,12.903097
204.786302,89,12.968725
218.473687,94,13.072431
173.722266,79,13.133847
216.824883,97,13.19944
218.115205,98,13.268232
208.697734,92,13.451161
260.013142,125,13.53257
198.257006,93,13.595064
204.972169,90,13.653885
208.348991,91,13.712712
204.436806,92,13.780927
244.106675,122,13.862115
213.98656,106,13.929674
194.52301,87,13.991278
146.50637,72,14.040405
188.955242,86,14.10062
215.765453,94,14.287599
204.996959,91,14.366836
232.611849,107,14.435975
207.590379,90,14.496386
217.646452,94,14.558802
209.605969,93,14.621532
215.446308,96,14.684442
204.092145,93,14.754263
210.223138,92,14.822886
135.450696,70,14.870511
207.183897,91,14.936597
207.070457,91,15.117573
174.044342,87,15.174345
198.683572,91,15.234163
208.864659,93,15.296277
209.026849,93,15.357981
215.500165,96,15.422654
212.552827,93,15.481137
217.171238,99,15.545143
187.281358,85,15.599779
210.515342,98,15.665284
209.941134,103,15.74708
160.167251,79,15.929788
217.402311,94,16.002518
205.779627,91,16.069874
208.300816,93,16.136274
210.241994,91,16.202903
211.222314,92,16.267562
142.266688,72,16.316872
228.409003,108,16.392281
221.367759,96,16.463816
98.563474,54,16.500495
201.159443,90,16.56367
121.79796,64,16.606847
216.147827,94,16.809354
198.512072,93,16.877332
194.608457,87,16.935068
216.140955,102,17.004952
192.536278,89,17.064889
201.820918,88,17.120497
193.691383,86,17.177556
211.612721,91,17.235711
212.337516,101,17.302908
229.261837,111,17.377315
206.701106,96,17.439623
183.181909,83,17.619025
209.797144,92,17.685626
233.260116,100,17.768787
240.563635,115,17.855345
228.773697,110,17.932407
205.827817,89,18.015431
197.187254,92,18.100623
217.077547,99,18.168371
217.934997,96,18.235583
199.809437,88,18.295899
212.023487,94,18.483409
206.598037,91,18.545295
230.669228,118,18.633627
200.485272,90,18.691322
216.629264,95,18.765278
218.489763,102,18.837617
217.009514,96,18.89949
207.768091,94,18.964303
205.542482,91,19.027502
197.330464,99,19.09501
199.380059,92,19.160543
242.666842,123,19.368637
211.845418,93,19.465398
211.215251,98,19.546162
207.837901,91,19.604421
215.719048,96,19.668469
218.13981,94,19.731045
210.091205,91,19.797027
226.550444,99,19.863722
215.502419,97,19.929257
207.416623,92,19.995196
230.851689,104,20.188385
216.617954,93,20.24971
186.789702,86,20.30742
221.237196,94,20.371641
218.604059,98,20.433195
217.58644,99,20.499887
218.968898,96,20.562487
213.629733,93,20.624505
206.28952,91,20.684529
213.500433,93,20.750601
226.315165,96,20.818145
158.746838,77,20.992483
211.755577,93,21.05359
227.537449,99,21.118213
211.907069,95,21.179793
199.434699,89,21.23654
202.600153,88,21.294247
275.799801,131,21.376116
223.815822,109,21.450252
248.53537,122,21.530046
212.05279,93,21.595362
214.08693,94,21.659406
214.908415,93,21.850693
210.421091,95,21.921437
208.51872,92,21.980951
220.810169,100,22.047631
26.060135,23,22.062629
242.979305,114,22.136486
144.794845,72,22.184344
186.00602,84,22.240078
217.53368,100,22.303689
252.369406,118,22.381952
211.663888,92,22.452412
207.021126,90,22.633625
222.119266,98,22.699115
183.597635,88,22.764928
193.615958,85,22.819195
205.881643,90,22.879397
93.623935,53,22.91388
232.945815,112,22.990152
205.896614,90,23.050132
212.605051,96,23.113515
209.767176,93,23.177084
205.22425,89,23.236857
233.549471,107,23.432711
214.785188,95,23.498718
225.634344,105,23.574693
238.786478,112,23.65701
224.903289,99,23.732597
217.13721,94,23.806717
229.748234,109,23.883174
215.055671,96,23.946723
251.900165,114,24.022121
225.695241,100,24.100929
205.666193,96,24.29059
190.385601,86,24.353176
204.659578,90,24.42341
210.548006,91,24.491186
205.695982,92,24.55482
225.761999,103,24.624329
222.039807,95,24.689334
223.656921,96,24.758285
207.484296,101,24.824551
214.136327,95,24.8866
213.296115,95,24.949771
209.878842,91,25.128571
192.37649,89,25.185401
222.649392,101,25.251323
118.96794,73,25.298369
189.762391,87,25.356763
217.053428,95,25.420968
187.197565,83,25.473111
224.782358,100,25.538992
200.444974,89,25.597087
222.906435,100,25.667936
268.70146,111,25.752852
227.362712,105,25.950695
205.134188,89,26.01194
227.320151,99,26.083065
225.140279,97,26.15043
214.587323,93,26.211871
220.771628,98,26.277042
197.001074,88,26.334407
212.18847,94,26.400035
222.54381,101,26.472576
222.057119,98,26.536003
234.12336,102,26.604771
233.927949,107,26.80603
213.044065,95,26.870636
225.51934,99,26.934993
228.223824,105,27.01295
239.804309,105,27.085327
213.943322,94,27.145829
213.969358,93,27.212166
184.63697,86,27.267708
201.966683,88,27.327348
169.276541,96,27.391311
200.82241,89,27.573079
188.487965,86,27.634213
222.398385,97,27.700611
204.616791,90,27.765972
219.764454,104,27.84017
200.815405,88,27.899709
210.634692,99,27.965688
220.193885,94,28.033052
214.534775,94,28.1019
211.52231,92,28.161777
211.771449,99,28.231017
226.50017,99,28.426349
250.598913,108,28.497371
225.758029,104,28.567528
238.630102,100,28.637555
223.661019,95,28.699018
230.805227,101,28.773739
213.225067,100,28.843624
204.881507,92,28.903279
233.334238,107,28.977664
219.990767,95,29.04389
227.319403,101,29.229792
204.084877,89,29.290033
234.06026,102,29.358416
216.97173,95,29.420701
219.740666,95,29.486936
273.377898,149,29.585957
212.864662,93,29.647246
220.848419,100,29.735453
210.187783,95,29.805569
225.98453,100,29.893231
277.920908,115,30.104664
180.213184,84,30.160551
219.924529,98,30.224879
224.1721,99,30.292305
193.77319,87,30.348138
300.577912,111,30.426855
277.31898,108,30.497843
259.936567,112,30.574064
227.833121,103,30.640783
276.73762,118,30.720259
213.718642,98,30.939592
203.524992,90,31.00487
176.929428,87,31.06393
288.996467,118,31.159394
268.078965,126,31.289961
273.75802,113,31.393792
297.951173,120,31.51003
322.622431,138,31.642095
315.391193,122,31.755239
230.67288,99,31.82714
213.236724,91,32.043741
283.839998,120,32.169
336.058591,128,32.287446
213.182748,94,32.377514
216.184526,94,32.474278
241.575986,103,32.565382
213.485928,102,32.644128
382.696431,156,32.809832
217.146941,94,32.901073
343.477555,133,33.195888
285.125265,113,33.297988
254.010896,105,33.384499
347.495991,132,33.517614
378.27946,141,33.651991
286.000781,121,33.774705
312.620247,129,33.894829
300.526782,116,33.991676
324.613505,118,34.271412
311.543585,121,34.385148
337.81498,135,34.489005
220.040837,96,34.583058
265.709154,113,34.691828
323.587454,140,34.839407
224.789046,102,34.932579
282.51861,114,35.024163
278.248049,116,35.150814
339.286454,129,35.401692
293.524055,119,35.491826
234.79715,109,35.590042
307.726422,121,35.706535
347.726049,138,35.846771
239.685547,111,35.93792
305.309568,127,36.02949
233.4353,103,36.105976
302.027005,122,36.310301
361.75596,134,36.402648
318.434246,136,36.508334
295.188243,122,36.591826
254.442609,101,36.661611
295.480771,128,36.755732
337.92358,134,36.849075
266.776192,107,36.92128
297.812867,124,37.004334
316.101055,120,37.211777
352.373872,133,37.30831
337.498932,144,37.424067
303.520465,119,37.507272
386.230268,135,37.60442
354.262657,129,37.691305
288.42124,125,37.783175
324.37226,122,37.867857
329.705391,128,38.099439
232.058956,106,38.173671
314.435302,128,38.293255
303.767858,119,38.378747
303.677359,128,38.465267
345.523614,131,38.549338
377.130438,140,38.637787
351.902508,131,38.723607
334.015359,130,38.937863
315.11916,122,39.032621
355.044667,130,39.1552
299.463384,126,39.270555
346.092544,137,39.404
317.494149,129,39.497972
336.482859,126,39.591324
338.250566,123,39.696437
348.350597,130,39.999972
321.9527,127,40.12803
307.049641,125,40.249454
332.492572,143,40.385128
350.709748,133,40.512071
343.140037,130,40.638582
322.198149,122,40.764841
306.012884,134,40.899312
301.312437,123,41.181429
318.069796,129,41.301449
331.164547,129,41.418242
369.77647,134,41.54322
342.432378,134,41.669732
311.988365,131,41.835665
385.825129,145,41.996414
302.462866,115,42.081809
300.847639,116,42.285866
370.275793,141,42.374141
302.804603,131,42.463101
303.717296,124,42.565915
321.143155,128,42.682825
305.187751,132,42.780123
313.195742,130,42.867059
333.653213,140,43.106796
305.53707,131,43.240554
259.648322,105,43.346818
363.58126,142,43.480825
326.328293,123,43.57673
325.645417,125,43.69541
300.114326,116,43.818698
374.936966,130,43.953562
358.995993,135,44.074851
472.310337,175,44.413263
333.768639,134,44.531147
472.835227,168,44.667507
327.139789,128,44.756673
327.876575,123,44.838382
365.733826,139,44.930138
345.104596,139,45.024837
326.44913,129,45.29004
342.578705,130,45.410829
391.442557,142,45.518474
342.027261,132,45.608221
351.687583,138,45.699482
314.985695,117,45.783314
335.040423,131,45.872906
283.990331,128,45.957819
336.966146,129,46.191903
355.381086,131,46.278484
371.982701,141,46.371743
302.26863,124,46.452154
358.259133,133,46.539782
379.075536,142,46.628943
330.76175,132,46.714115
380.832468,134,46.935905
219.015377,93,47.000859
365.597362,136,47.09493
324.892527,127,47.177393
341.141075,131,47.26265
364.313684,140,47.351558
330.690084,135,47.438271
382.627026,146,47.533158
344.801458,137,47.759003
511.742859,176,47.876271
382.513781,141,47.965903
354.563693,132,48.055421
367.050017,130,48.145979
338.812972,122,48.229676
352.37457,135,48.316418
377.498161,135,48.5322
505.743088,180,48.65216
343.977331,128,48.736122
366.978051,138,48.827542
344.91835,133,48.914433
383.708381,139,49.00112
393.169681,137,49.091952
287.928337,113,49.167762
287.576887,122,49.375359
401.961702,143,49.486478
325.866887,120,49.578873
374.268196,137,49.6666
339.340274,146,49.770358
379.160949,140,49.86445
344.131387,136,49.953091
402.813413,152,50.17947
322.688477,129,50.266807
427.654939,156,50.36664
337.030223,136,50.451254
386.659919,142,50.544814
391.165466,141,50.63394
342.24828,135,50.720103
391.18168,148,50.820072
353.319696,130,51.034907
529.889568,175,51.147169
351.483923,134,51.235343
377.35483,138,51.323024
442.230985,154,51.419986
369.612631,132,51.503784
351.987666,132,51.587652
587.612212,199,51.858519
511.337595,174,51.968805
366.218311,137,52.059094
342.194391,131,52.148593
589.58901,212,52.282624
473.906158,167,52.395526
282.575961,112,52.600075
366.942491,130,52.689298
583.022895,203,52.823968
615.385593,195,52.951058
359.316244,138,53.038328
648.40335,202,53.168697
239.988319,109,53.362566
532.428527,179,53.483531
531.066306,169,53.590984
512.053164,178,53.702392
664.66466,208,53.842793
394.519319,143,53.935197
566.422262,198,54.195484
393.651448,140,54.287734
615.210602,204,54.421038
415.126273,145,54.513038
537.758205,184,54.633414
509.396801,171,54.750722
398.189057,140,54.969313
353.064082,125,55.056215
343.287862,138,55.1471
383.052731,145,55.24487
424.57843,145,55.335386
546.2076,179,55.449983
542.282358,182,55.568608
415.859801,148,55.796667
376.515907,134,55.884411
370.193713,135,55.974311
379.088909,130,56.058357
505.150736,168,56.164491
619.118048,200,56.292133
418.26463,145,56.389161
598.733507,194,56.668675
428.327208,148,56.769668
601.375135,202,56.89946
415.88948,147,56.994669
686.65964,237,57.156296
610.544867,207,57.42101
544.163947,182,57.539088
554.503716,195,57.664148
544.431478,179,57.784714
419.429381,143,57.877694
526.311494,190,57.998331
406.8806,153,58.232352
644.070991,205,58.362688
605.60777,200,58.489306
517.564321,179,58.604972
558.567368,190,58.726323
640.878579,209,58.993055
540.281584,182,59.120013
541.560412,184,59.237027
554.847139,190,59.362095
523.695219,169,59.473151
377.547001,135,59.558547
569.326805,188,59.82193
351.412774,151,59.918625
506.312432,184,60.058084
553.805584,195,60.183749
518.357636,186,60.302124
577.921947,188,60.423431
643.721362,206,60.690656
432.756346,163,60.804882
501.277032,163,60.909073
246.436597,106,60.978761
534.694189,166,61.086669
629.775678,200,61.214267
648.825817,209,61.479382
454.834039,179,61.592349
554.353459,184,61.709315
485.054348,171,61.826592
572.902731,201,61.955333
504.977142,169,62.190915
594.434988,194,62.31962
518.204491,171,62.428998
585.791281,188,62.553823
597.440984,187,62.675426
556.978677,187,62.799964
574.863011,187,63.067523
579.77323,194,63.214835
564.705211,184,63.331542
418.054193,146,63.425275
514.349869,178,63.53709
488.825323,170,63.648393
581.328665,182,63.905967
640.268201,208,64.043572
562.80529,191,64.17105
631.631752,205,64.301963
412.592237,145,64.395517
539.83461,186,64.644695
771.261466,235,64.81135
553.645643,188,64.932432
765.464025,241,65.090735
600.786331,195,65.214115
557.102108,183,65.462794
583.597041,189,65.586485
624.592842,197,65.71381
615.33086,191,65.844468
538.841202,168,65.951619
577.233859,187,66.071144
608.086632,190,66.3251
602.631578,199,66.450281
614.720933,198,66.574161
557.147348,186,66.695668
857.392815,278,66.878833
589.933026,196,67.142429
682.237203,212,67.277104
700.190342,217,67.413504
650.815139,203,67.541557
599.286922,198,67.803224
238.643539,100,67.877243
616.461231,193,68.005173
649.242641,209,68.137194
398.718368,136,68.225059
709.713131,223,68.367267
557.819056,170,68.601657
512.174309,178,68.722888
618.101241,200,68.855093
529.819047,183,68.971309
664.459903,205,69.113529
635.280302,207,69.244587
664.54311,214,69.514274
519.334008,167,69.620166
567.188215,191,69.750792
571.628957,188,69.870594
662.959758,210,70.004167
509.38007,172,70.252123
585.86712,192,70.374502
554.623064,186,70.492108
646.947319,203,70.61976
552.430733,181,70.744557
810.352512,240,71.029778
647.749641,205,71.170223
651.623195,202,71.302783
627.537139,205,71.431366
827.787108,249,71.592044
629.154273,201,71.860063
776.395801,251,72.020143
661.522876,211,72.154329
610.174624,191,72.274159
584.28388,184,72.391439
611.450172,194,72.657118
765.443137,231,72.828116
607.656154,190,72.953876
625.124571,197,73.079589
610.778011,196,73.205119
609.261893,196,73.465909
637.794498,200,73.595228
601.015627,195,73.720627
794.477809,243,73.885977
627.497546,200,74.014793
610.393692,190,74.278987
749.829952,238,74.435194
743.514101,224,74.577245
718.058639,223,74.723417
696.167587,219,74.87017
643.129305,203,75.135012
574.544769,181,75.250127
703.995083,221,75.390547
599.771622,191,75.51071
783.841565,231,75.658728
618.156543,195,75.92119
395.446619,137,76.010612
565.990329,193,76.14407
613.149096,199,76.270694
649.651153,209,76.402304
515.003075,169,76.636452
574.025165,186,76.766612
782.067086,242,76.921221
832.532665,261,77.087277
606.374553,190,77.207264
590.047226,194,77.458629
606.462604,197,77.582413
743.417607,247,77.746137
607.97516,198,77.871322
709.611953,218,78.040946
770.208024,227,78.417793
683.477759,216,78.593025
669.503768,212,78.746629
549.377743,184,78.871083
702.835312,220,79.014795
771.641611,242,79.305082
612.700228,206,79.446794
645.846637,205,79.595424
686.107107,213,79.732946
825.149476,248,80.029242
682.499829,211,80.171781
735.376694,229,80.32073
541.371132,183,80.438201
661.447969,208,80.567695
632.296567,201,80.836808
640.287542,203,80.968539
824.530527,248,81.123591
604.604818,179,81.239143
604.492312,197,81.365004
818.443238,249,81.655976
725.733568,219,81.801498
818.313547,254,81.968178
647.691254,189,82.09168
871.651849,260,82.380339
758.781459,229,82.539917
640.29445,201,82.665716
595.429546,179,82.787346
811.085517,255,82.950184
794.707312,239,83.240157
720.716664,218,83.379537
645.928278,206,83.512254
635.403167,206,83.640876
670.332517,208,83.782104
682.281926,214,84.053044
570.920724,182,84.175296
607.495476,187,84.293873
687.331709,226,84.44024
708.075567,235,84.587848
728.887773,219,84.867473
746.664096,229,85.011452
383.246851,139,85.112484
663.073569,207,85.243821
773.744172,233,85.392641
668.285984,203,85.655576
870.696678,274,85.851455
699.274622,213,85.993071
423.122066,147,86.087971
854.509024,276,86.391096
641.261962,212,86.54672
757.118659,227,86.787672
661.755603,204,86.956882
792.073935,236,87.107167
1106.360823,347,87.475148
825.87913,252,87.644408
376.868927,133,87.729815
781.962727,225,87.882107
765.235993,228,88.167323
759.714735,222,88.313338
859.581102,283,88.495311
860.596146,259,88.659299
838.469292,279,88.968994
886.994811,256,89.13718
819.69738,242,89.303773
877.567159,254,89.463759
610.581466,201,89.589448
594.790334,182,89.845948
673.592534,212,89.980538
753.556726,228,90.125196
802.221232,263,90.317124
859.633501,257,90.644989
929.787503,272,90.825831
723.44941,224,90.968014
830.556791,255,91.137345
854.780937,244,91.422961
758.66827,260,91.590766
835.484336,249,91.751082
818.949372,251,91.913577
701.169351,220,92.181035
698.928181,213,92.327135
615.755154,190,92.447529
855.644351,272,92.626383
1102.002515,325,92.966565
805.190355,235,93.126772
818.156862,244,93.281495
852.422911,277,93.457477
730.251888,243,93.608767
775.449865,232,93.901575
977.66117,303,94.102972
868.750705,256,94.264926
881.014329,264,94.561598
985.066021,282,94.750888
809.000039,251,94.914248
891.700032,275,95.090987
868.188918,250,95.381408
908.775146,261,95.552405
846.528397,263,95.719109
926.418634,272,95.900178
833.019025,253,96.198227
726.195323,220,96.340403
768.749358,238,96.49105
655.289572,186,96.609946
877.953821,278,96.790683
684.377997,197,97.0486
888.529024,258,97.21028
822.359794,246,97.366551
924.079046,287,97.549393
936.599206,275,97.862909
681.945937,212,98.002741
774.509892,229,98.146929
782.5038,229,98.32898
914.397309,277,98.64474
899.384525,276,98.828413
755.012851,226,98.973885
861.655333,252,99.133758
808.637881,236,99.412677
898.972147,261,99.602462
686.459405,214,99.746429
767.093355,228,99.90018
967.592965,293,100.218279
744.600844,227,100.364861
774.898972,233,100.511248
806.856494,242,100.663246
558.314223,176,100.782498
873.697051,269,101.087859
883.482916,281,101.316216
782.444492,232,101.462646
924.044527,291,101.648576
831.354291,250,101.994938
883.181415,268,102.177576
865.637941,254,102.341247
694.658673,212,102.475994
848.389241,243,102.770827
933.529479,290,102.958468
769.376323,237,103.109049
357.512321,144,103.202861
920.356871,262,103.500789
891.321916,268,103.671673
731.303003,222,103.923328
641.224479,185,104.060346
917.84307,264,104.225657
897.398857,275,104.537068
883.325586,255,104.699198
869.900709,256,104.865833
834.307913,247,105.159704
831.407304,248,105.326296
797.036789,235,105.474092
773.083452,230,105.620352
1127.541989,337,105.975598
693.559764,193,106.104888
909.820058,257,106.271889
854.953605,245,106.426154
74.873783,83,106.481722
792.642745,232,106.7631
908.032492,262,106.940122
603.436861,207,107.085394
732.577764,217,107.222546
892.845717,270,107.395966
952.434507,282,107.707339
736.169491,219,107.857961
754.706984,222,107.998865
941.906395,283,108.17922
1004.644427,288,108.498125
1041.888922,296,108.687344
798.907037,230,108.841626
1188.587852,343,109.191401
740.079166,220,109.336035
834.212027,245,109.511473
734.308878,212,109.648598
891.912769,255,109.819493
821.981531,234,110.107732
853.068324,241,110.2652
901.439151,267,110.434383
651.765359,199,110.561155
758.777423,232,110.853145
874.513297,252,111.018946
846.379651,239,111.175345
813.725116,234,111.322736
882.353707,268,111.621837
859.729192,244,111.784673
972.222551,287,111.968545
901.711423,277,112.213991
1256.754537,369,112.595924
689.505238,200,112.720967
1024.681394,304,112.975834
681.015497,207,113.108883
1080.876421,323,113.448317
837.710158,246,113.649035
645.715999,200,113.782624
907.968758,267,113.956429
772.392244,223,114.234936
548.154963,187,114.35551
827.967381,238,114.505905
752.719885,221,114.644081
730.969799,218,114.919219
810.069877,230,115.07484
876.699977,250,115.231369
845.95484,258,115.397869
361.889131,128,115.477026
814.699278,234,115.764905
645.334477,192,115.888882
371.518248,134,115.976824
614.62197,193,116.102333
892.904669,265,116.267932
952.200947,284,116.584008
682.181304,208,116.715027
756.141338,215,116.861374
638.618072,195,116.985429
796.898847,220,117.130338
700.027549,205,117.39723
887.858569,286,117.58418
815.873757,249,117.745366
1017.513981,320,117.954412
759.685253,223,118.230241
1046.628941,305,118.422582
339.199509,126,118.502855
922.172989,273,118.67341
704.205097,201,118.93968
1247.255909,370,119.174912
1072.668015,313,119.372445
902.132656,263,119.666535
927.44414,267,119.856763
944.43552,278,120.040772
962.777372,282,120.218018
83.618021,82,120.270954
897.40493,257,120.566557
915.511627,270,120.770215
869.803237,253,120.929328
920.723205,262,121.100663
935.920003,281,121.410816
1110.575228,316,121.613401
1161.532888,332,121.833391
945.268776,274,122.147931
755.789627,215,122.284371
808.537881,233,122.431117
1176.603226,338,122.652627
530.886716,163,122.88772
987.404905,290,123.080024
985.189896,283,123.296036
996.907123,286,123.481687
917.314499,271,123.802831
752.559463,223,123.949724
876.511131,262,124.123293
740.848616,213,124.256317
595.768621,178,124.368764
716.660605,213,124.64081
523.86652,166,124.752189
47.077564,28,124.770153
911.489937,259,124.942143
588.669108,172,125.051881
1184.61097,347,125.400257
875.123733,247,125.555282
743.996046,229,125.698457
556.242666,168,125.81426
548.85361,172,125.924834
851.166637,241,126.231006
826.010703,241,126.387284
919.647013,268,126.555382
845.226762,242,126.705669
821.23876,238,126.997895
873.205348,256,127.1687
791.018295,233,127.317174
785.989627,226,127.458261
654.574564,193,127.711881
847.577028,240,127.875426
844.191455,248,128.037419
899.184145,262,128.205641
750.696094,217,128.343523
990.707882,303,128.670742
1139.443805,341,128.895656
932.450125,269,129.069245
896.138347,270,129.37417
628.676031,184,129.502246
903.232906,263,129.670763
939.133058,282,129.857455
770.528051,228,130.129414
1179.299283,338,130.345957
960.553139,280,130.526916
921.336968,256,130.688355
1106.092529,316,131.025671
1392.880103,402,131.279352
574.684415,201,131.409249
1155.391219,323,131.751723
853.490022,247,131.906905
926.860147,275,132.0952
1089.035197,306,132.285907
1152.263727,346,132.664856
1416.785237,410,132.931761
1246.371318,359,133.295701
867.213453,250,133.460731
1172.410835,332,133.672294
1145.125589,328,133.888904
931.455029,265,134.190224
918.196943,263,134.356693
1367.929303,393,134.608276
986.338424,288,134.93006
813.851153,238,135.086845
919.635621,275,135.263091
1224.586874,344,135.479562
928.162068,264,135.785799
864.43663,244,135.940075
1146.163904,327,136.150235
1137.379563,336,136.495008
927.084585,262,136.665035
951.464087,262,136.839319
922.568654,262,137.009602
732.131031,239,137.29694
1241.882819,349,137.519401
1115.220657,313,137.715252
1622.473477,466,138.170338
1537.196104,444,138.4499
1647.131457,481,138.896577
940.966324,280,139.102403
1027.482067,297,139.306865
1180.03907,350,139.542824
1050.781652,304,139.879256
549.622581,174,139.990611
1258.666698,362,140.2239
944.221716,279,140.528247
1296.244816,361,140.76378
923.22022,267,140.932768
1201.975659,345,141.281951
842.433671,251,141.473059
1656.548372,477,141.779013
1588.319802,456,142.199922
893.896369,251,142.357607
1212.671594,346,142.573748
1497.409302,433,142.994229
1415.546559,404,143.252073
689.876917,206,143.38145
1073.689076,308,143.70926
1149.448353,326,143.924181
728.592086,205,144.063068
718.765864,209,144.195171
1070.517781,310,144.523617
1128.18034,316,144.722979
882.282244,262,144.900581
935.035227,275,145.084717
1201.999443,337,145.425142
1491.114103,414,145.688643
1884.153612,532,146.171922
1148.882118,319,146.373391
1203.626656,344,146.589673
1992.760266,575,147.090671
1523.174244,419,147.353555
1208.061304,332,147.69651
2392.24575,682,148.143556
1240.639207,358,148.501211
1700.174976,488,148.815252
742.960871,206,148.94647
1254.449786,348,149.306716
1713.53283,491,149.614503
1540.01656,442,150.033733
1787.993268,513,150.380544
1099.380892,316,150.579697
2254.016049,633,151.119959
956.10421,283,151.337343
1543.302402,448,151.758862
830.700097,222,151.899802
1317.442825,370,152.136755
940.114986,268,152.431396
905.336886,273,152.611253
1245.644181,350,152.854524
1757.81825,518,153.322988
995.553008,281,153.503028
3420.979585,1000,154.277286
1309.720727,372,154.518697
1707.990421,497,154.977258
958.881604,281,155.161834
2509.132142,723,155.765733
2048.323723,580,156.138196
1044.817249,293,156.457157
820.741233,233,156.608396
997.282804,279,156.791713
996.662907,295,156.976548
1364.609011,390,157.355914
639.404424,217,157.492276
2055.300407,622,158.025308
1381.0348,393,158.306897
991.868366,314,158.504573
1252.680355,342,158.861607
2325.048431,710,159.312174
2079.364289,587,159.82904
908.035964,257,159.990304
969.562613,274,160.169532
2503.459974,703,160.754452
1060.846676,299,160.946478
3350.707674,1000,161.715121
1503.556615,447,162.147394
1333.618187,372,162.383753
1200.858299,336,162.599058
701.992026,207,162.873728
1080.186226,297,163.061069
491.414173,164,163.165218
1550.381229,436,163.574157
999.281611,283,163.768483
337.350717,133,163.85547
1219.102339,335,164.066302
1246.047715,359,164.430403
973.192329,283,164.610959
2527.301001,700,165.193572
1669.189729,474,165.495565
2024.117652,575,166.013707
1127.872087,320,166.22157
923.826461,252,166.382612
1496.586957,415,166.777598
1200.416625,352,167.006304
1039.342869,290,167.190907
2711.550527,770,167.821129
1028.264941,296,168.011427
872.581741,249,168.307806
1263.140588,363,168.54059
899.511293,257,168.704515
980.0753,289,168.893164
1530.410276,425,169.297608
1403.914861,395,169.564197
1136.637428,312,169.778573
1174.871523,320,170.117346
1048.179866,291,170.302403
1282.551063,361,170.528608
1689.712754,482,170.974535
1529.803203,418,171.238694
583.051726,202,171.494963
1115.288167,305,171.696461
1093.383199,298,171.894556
3388.366995,1000,172.673081
1758.661286,492,173.128627
1708.378934,486,173.436708
1366.331307,378,173.675849
1951.582939,539,174.169791
983.565544,269,174.343034
1584.097523,439,174.764651
1233.455732,332,174.978622
3565.807437,998,175.742595
1043.352172,291,175.929976
3425.982279,1000,176.691319
707.166889,211,176.832421
2359.639225,656,177.404605
758.158602,218,177.542312
1246.598099,334,177.894131
1245.760408,347,178.128862
1259.146646,343,178.343625
1835.533145,513,178.813055
1310.460934,360,179.042328
1304.948527,362,179.275311
1752.408215,477,179.710133
1384.215527,378,179.961792
1570.246516,431,180.374168
3243.642666,901,181.084399
1206.499062,335,181.295529
1245.555823,343,181.515694
1192.62048,330,181.903535
1821.270097,509,182.226704
797.400563,219,182.363427
1306.011871,364,182.73591
1559.702964,436,183.013425
1285.503585,366,183.280548
1286.25999,362,183.642997
58.722233,66,183.689092
1945.718683,543,184.042883
1269.079205,355,184.407403
1211.145185,327,184.613265
2344.601072,653,185.177462
512.025494,167,185.282681
1228.446628,334,185.493614
1122.965548,303,185.687411
3386.408,950,186.436278
1775.573272,489,186.888891
1007.141338,281,187.067202
1354.284964,363,187.29726
995.431682,279,187.610057
860.55065,241,187.769021
3471.797591,1000,188.541846
911.782628,251,188.701531
1431.548438,393,189.090811
1517.737583,422,189.358829
1418.424057,395,189.611136
1121.286305,308,189.958122
1568.61053,428,190.228682
1139.880657,306,190.425714
708.204883,207,190.689483
1296.129552,357,190.923204
3047.10422,854,191.604279
1301.967205,366,191.846208
820.939296,237,191.994398
1673.421017,468,192.425339
1739.50884,487,192.746911
1895.580287,528,193.220348
1469.482732,402,193.474002
1544.674975,429,193.88877
365.939276,135,193.976895
3060.903085,849,194.653141
1181.598764,319,194.861647
1798.805806,505,195.191176
2378.348194,642,195.731477
1635.13041,449,196.01889
664.221493,221,196.293174
3333.132673,1000,197.072921
1913.156884,525,197.403792
2678.116712,753,198.021854
1836.040072,513,198.352876
1309.478726,371,198.720415
1835.720798,492,199.037238
1628.028961,458,199.483766
2032.670644,575,199.855506
2077.045236,577,200.360699
3433.760894,957,201.12007
2399.280164,681,201.554565
1340.043818,363,201.923793
2242.515504,620,202.324116
1246.545803,338,202.669028
3255.779461,908,203.384274
1322.271983,368,203.618812
1663.828956,460,203.916469
1705.246303,466,204.351105
2119.119498,604,204.728212
1147.267522,308,205.065273
916.240404,260,205.228016
1866.296273,508,205.68104
691.940539,229,205.837263
1866.660887,521,206.180704
1764.317643,499,206.661526
1568.41798,430,206.94965
996.735942,274,207.128611
1851.211166,520,207.59095
1231.268115,330,207.805612
1149.449218,313,208.14319
1525.327989,407,208.404335
1447.552447,443,208.686457
1745.517158,483,209.156877
1666.588956,442,209.433051
1257.210437,339,209.78775
918.857104,252,209.954562
1930.310956,540,210.292079
1471.773308,404,210.682429
479.873272,158,210.790585
1622.441023,435,211.071389
882.072384,261,211.378683
823.770146,229,211.522075
1601.494965,433,211.835254
2341.01346,652,212.393285
1695.63571,463,212.684056
1048.154351,305,213.038456
1600.692735,425,213.311867
2363.860382,662,213.884729
1575.161794,426,214.155752
1704.665824,478,214.593972
1382.696588,373,214.836848
3543.571372,992,215.644538
1287.299584,351,215.878463
1883.45663,516,216.340179
2359.287338,664,216.769958
1156.465665,317,217.120732
3461.247962,964,217.866133
570.128278,199,217.994255
2382.001024,651,218.567435
1221.710177,325,218.786436
2028.071019,542,219.135344
1289.789417,347,219.490685
1407.056177,372,219.723549
1159.168518,311,219.927302
1802.534801,489,220.372803
1465.275914,396,220.626423
1509.458655,406,221.024645
2123.593195,578,221.386373
2700.158898,751,221.998663
2905.644789,801,222.641168
3230.171282,884,223.347807
1108.009005,301,223.537023
1504.779067,403,223.800033
1820.367211,502,224.252344
1209.612731,325,224.458835
1338.910242,363,224.684283
1316.463979,358,225.059923
1162.988728,315,225.257776
1921.797236,511,225.706474
1421.219896,387,225.96439
1231.884301,328,226.173661
3430.027505,1000,226.945875
1884.738658,496,227.399004
1301.712387,341,227.615624
1066.217785,298,227.80845
1271.599628,340,228.163634
1144.247901,332,228.375896
2137.903043,582,228.88578
2888.611826,773,229.379997
1556.942492,411,229.801266
1230.46389,336,230.012755
2166.276875,575,230.516295
2083.990381,561,230.880576
1029.614366,280,231.059857
1637.190216,446,231.477664
1445.71156,386,231.719208
1799.691789,475,232.169307
687.278822,220,232.307466
1612.907789,428,232.578856
2231.366353,599,233.111967
1833.909179,482,233.417458
1230.172026,322,233.760465
1096.395351,301,233.957057
1021.766959,282,234.135502
1421.778046,381,234.507104
1829.716954,495,234.829681
1752.857379,460,235.266242
1813.309287,486,235.581546
1211.134484,320,235.790771
1357.338577,365,236.156351
1013.619512,281,236.332769
1148.824427,310,236.532566
1341.966186,366,236.904864
1806.441184,488,237.21391
1361.997157,367,237.567156
2166.101502,590,237.956419
1005.849453,276,238.134668
1086.00748,297,238.459235
2256.86123,617,238.857477
1210.999926,332,239.207535
1071.482979,299,239.395735
2585.253093,703,239.979268
2835.798964,767,240.474734
1416.547215,383,240.861993
3605.663214,989,241.628179
2092.607135,555,241.982684
1077.228699,294,242.239537
1305.081181,348,242.598023
1785.322628,486,242.915788
1999.072153,546,243.419907
1208.806172,315,243.618829
3642.806725,1000,244.614565
2127.062528,565,245.409449
1488.627564,395,245.733478
3372.398031,882,246.427117
1439.353185,398,246.862116
1932.747959,528,247.553905
1725.568961,470,247.948641
2330.365805,641,248.541535
2727.022669,733,249.293524
2868.681727,766,250.01145
1513.047455,398,250.522038
1361.864563,357,250.854996
2292.92526,605,251.612665
1314.96555,354,252.029411
1647.037333,433,252.428044
3593.780559,1000,253.442658
3545.949153,1000,254.339708
1448.997563,379,254.728179
2267.806705,599,255.159217
1042.588899,284,255.478066
1973.844267,535,255.842212
1264.058177,340,256.197563
1520.912274,436,256.505931
2293.263666,613,257.04912
1207.363254,333,257.26529
1557.299092,414,257.598893
1824.125908,470,258.117595
3651.721693,1000,258.897846
2308.972116,627,259.380365
1751.838909,509,259.992487
1075.21199,295,260.200704
2255.440474,624,260.914276
870.721934,266,261.13925
2230.700597,609,261.989323
1753.92665,483,262.462154
1077.007888,291,262.84546
1788.899684,487,263.441673
1066.378536,295,263.670014
228.592429,94,263.742903
2504.716924,675,264.42019
3535.44305,1000,265.486299
1864.031429,529,266.141774
3487.410694,1000,267.230178
1229.583872,325,267.704851
1458.37403,392,268.000567
2634.623886,702,268.73457
3562.814291,1000,269.732134
1386.149518,384,270.012071
3475.296336,1000,270.857158
2145.053533,579,271.462734
1656.936763,441,271.765862
3133.364586,847,272.445111
1723.246251,466,272.868583
1390.234769,366,273.348726
2736.023377,739,273.933231
1174.957666,309,274.286978
1069.019074,290,274.472146
3492.840307,1000,275.249867
3566.974182,1000,276.052734
3514.581106,1000,276.838762
3593.078495,1000,277.606108
2414.163003,661,278.158725
2368.381875,637,278.605852
1141.726753,308,278.807426
3563.126356,1000,279.576259
2569.227803,710,280.176754
3576.121316,1000,280.954266
2825.494294,762,281.566802
3570.439498,1000,282.351262
3505.605606,1000,283.167135
3543.177978,1000,283.94863
3561.04614,1000,284.717086
3665.406875,979,285.489947
3255.27883,877,286.189311
2020.186981,552,286.544138
3588.931375,1000,287.321688
3602.571917,1000,288.100385
1442.344002,393,288.428691
2094.283839,566,288.988871
1398.065148,382,289.231564
926.174325,254,289.542232
2051.383702,553,289.903425
3589.119094,1000,290.672187
2065.872722,568,291.17328
3504.425668,1000,291.945942
1137.374883,309,292.143393
3095.409672,843,292.824047
1536.058917,407,293.091174
1496.728842,396,293.467909
1243.451263,337,293.688815
3537.026854,1000,294.477146
2590.097497,692,295.066015
3568.256082,1000,295.709437
1562.487795,414,296.111466
1075.992799,294,296.29654
1810.291183,486,296.731235
3162.211188,836,297.275138
3572.080727,1000,298.046757
3557.133731,1000,298.809051
1389.575503,366,299.186971
3299.407243,898,299.895182
3515.337209,1000,300.679757
487.678529,168,300.795357
3315.126549,903,301.500246
1097.333128,302,301.690103
1124.268961,307,301.891678
1199.454107,327,302.233502
585.988554,178,302.350522
1048.98143,290,302.531794
1057.352007,286,302.713687
1674.514856,448,303.163149
1196.295597,323,303.378178
2701.777149,727,303.975582
1412.326819,380,304.214743
1058.390889,287,304.393777
1962.242528,527,304.878534
976.73618,267,305.047851
910.176386,257,305.222724
1971.452444,522,305.690112
2899.174875,791,306.343874
546.636825,175,306.457608
1067.694503,299,306.643936
1916.774522,520,307.114455
844.109275,243,307.295202
2299.915062,626,307.832672
978.36133,266,308.002716
960.921199,265,308.172152
1971.460803,543,308.651235
1098.249813,304,308.848909
2016.901186,541,309.193702
2933.98083,794,309.832738
1375.620312,364,310.207292
1297.740864,341,310.423521
963.379022,271,310.591409
2829.703653,773,311.224714
533.632823,159,311.324213
950.473821,263,311.494479
1050.14329,285,311.815974
1248.11215,327,312.022102
2272.559828,611,312.546249
1357.050475,366,312.797149
3154.869821,837,313.529269
2318.340855,616,313.932556
1390.71796,363,314.297936
1921.080168,510,314.616271
2096.165729,559,315.118387
1369.045384,363,315.346482
1067.620497,292,315.529613
1246.010902,327,315.886068
3671.717709,987,316.643408
1701.742778,443,316.928141
625.298901,194,317.054077
1401.008634,378,317.430039
1077.697169,294,317.614895
1742.265655,464,317.917715
587.533066,181,318.165334
586.016115,179,318.286031
1125.089137,303,318.482529
1026.047037,278,318.659052
1360.928412,370,319.038888
1306.252998,341,319.2552
2471.394585,651,319.817485
1073.510193,294,320.003542
2691.934376,727,320.600761
2289.668975,607,320.993405
3607.281026,1000,321.776837
1836.33273,477,322.211731
2999.841416,813,322.7304
3697.561635,982,323.503469
1203.740619,321,323.852462
2750.315363,740,324.327084
1523.782802,403,324.718202
1210.775386,321,324.928022
1676.42938,451,325.345814
2133.145106,566,325.698611
2091.164909,557,326.191825
1398.456744,369,326.425511
3548.587295,1000,327.208751
3652.998631,1000,327.998307
3162.851851,841,328.668595
1253.987959,328,328.888116
1314.246962,345,329.118176
3210.782398,839,329.778637
2276.629427,597,330.292487
3702.15853,1000,331.061357
1543.120974,405,331.321141
2046.336193,537,331.80025
2657.458491,716,332.256775
1069.584231,293,332.581971
2893.497631,779,333.21285
1081.939261,295,333.405017
1298.889176,344,333.625317
1404.641288,380,333.999525
750.810494,222,334.157877
1060.79066,285,334.339209
2610.33361,706,334.926315
1064.578369,284,335.108263
1701.20716,445,335.389468
3542.260531,1000,336.161424
2808.258207,757,336.808569
1294.584436,341,337.026915
3561.22517,1000,337.808006
1730.913251,454,338.267789
3535.878232,1000,339.043539
3689.39259,1000,339.811937
3557.496422,1000,340.592671
1483.055453,387,340.838876
1365.002278,351,341.194465
2301.272944,615,341.588566
3629.49105,1000,342.362095
1036.393676,278,342.544283
3561.53325,1000,343.360575
693.083387,204,343.631712
973.087557,261,343.807317
2402.891074,639,344.215485
886.49506,244,344.505951
3535.769817,1000,345.383241
970.475805,259,345.54889
3226.133999,859,346.23136
3215.800535,860,346.91203
3577.272099,1000,347.680207
3561.583506,1000,348.460399
2578.171931,693,348.912336
419.325277,137,349.002106
1399.414586,364,349.375131
1063.3005,288,349.582531
2259.03733,608,350.112078
3557.689461,1000,350.878866
1395.42057,376,351.130734
1414.98969,377,351.37068
3656.159456,1000,352.191235
1701.160973,446,352.608016
2540.377748,695,353.075478
3529.823753,1000,353.87663
3699.990381,990,354.973433
1829.59791,488,355.672837
3529.387724,1000,356.654461
1985.866769,532,357.088719
3524.104579,1000,357.866636
3515.589626,1000,358.861609
1157.134225,316,359.255032
3578.081109,1000,360.153086
1766.272663,464,360.496033
1831.320902,487,360.828545
1440.709713,383,361.243085
3642.070234,1000,362.04449
1243.348663,322,362.255496
2782.975025,737,362.86546
22.481343,23,362.880351
983.843352,262,363.047672
1665.397154,482,363.515879
1393.617229,380,363.7649
3168.385612,845,364.436469
3555.266676,1000,365.21556
3555.428953,1000,365.978862
3583.70991,1000,366.772024
906.396217,250,366.976924
1475.067134,394,367.339998
1223.08173,316,367.758241
784.195111,237,367.925791
1292.001008,341,368.218321
2869.653861,788,368.969819
667.835242,204,369.1078
3433.311679,935,369.861794
2189.339176,585,370.490994
443.095197,147,370.59355
2304.279214,610,371.00456
1685.934843,441,371.524787
57.919641,53,371.560882
3649.8075,1000,372.377088
3564.752496,1000,373.240276
1427.352389,376,373.528274
1959.57838,521,374.121854
1647.170821,427,374.414894
3516.45274,1000,375.248907
933.397209,255,375.413193
2526.228329,681,375.983071
3678.942999,1000,376.755945
1111.347773,302,376.953119
3606.212811,1000,377.708786
1325.481277,344,378.083917
2940.706758,794,378.697558
2994.853871,795,379.498717
1494.379202,392,379.992211
3707.347544,1000,380.870435
1184.857348,319,381.086817
2817.057268,755,381.779292
58.740236,39,381.804757
808.128183,235,381.955101
1396.303957,373,382.202798
1075.711735,293,382.514488
743.12004,216,382.651421
2122.757028,580,383.026682
945.400052,255,383.324934
3576.529481,1000,384.100266
3653.077374,1000,384.734586
1793.346418,478,385.222036
2249.1887,606,385.752725
1058.938139,289,385.938361
2218.303012,588,386.32207
3540.631817,1000,387.303659
639.078125,200,387.595596
1846.825087,531,387.959574
1428.025111,376,388.20944
1044.851371,283,388.523392
1722.976663,462,388.829831
1363.312271,358,389.19239
1984.15174,525,389.529244
1625.197179,430,389.85077
1119.526983,302,390.226616
1130.875925,304,390.422147
1424.408401,382,390.665
1253.962003,334,391.004995
2307.207648,626,391.399121
1480.172845,384,391.772263
1127.925049,317,391.972042
1846.177738,502,392.416336
1147.478545,314,392.611621
1116.44557,300,392.8047
1470.213283,383,393.18787
1307.68677,345,393.405268
906.212348,256,393.566403
3062.036009,816,394.351289
3318.234014,894,395.154862
3556.950716,1000,395.92469
1106.917174,297,396.132273
1245.860068,324,396.348352
1370.874592,365,396.72778
3522.590837,1000,397.689005
3520.764116,1000,398.607335
3553.32819,1000,399.417783
3021.198644,814,399.945187
3560.707474,1000,400.710012
1212.531974,322,401.046538
1807.213505,469,401.471746
2684.069116,723,402.112435
1350.59118,358,402.360634
1320.518626,349,402.727736
957.935787,262,402.90767
1168.695242,306,403.107767
733.975234,218,403.253481
1223.605257,328,403.618798
802.213327,230,403.775378
3553.693931,1000,404.568723
3534.942147,933,405.346485
2978.213724,802,406.021412
2352.225572,630,406.428964
2233.153914,586,406.940473
1358.970716,357,407.168738
1137.962304,312,407.373177
1074.532057,293,407.678228
1180.283643,315,407.886476
3447.393329,916,408.624018
3675.686713,1000,409.427346
3558.790635,1000,410.24361
3675.168189,1000,411.042605
2181.654878,575,411.41156
1898.739192,497,411.864333
708.626167,213,412.001245
635.540667,197,412.134042
1084.805254,305,412.460192
1500.263702,399,412.708472
3578.341123,1000,413.494279
3624.456671,1000,414.269907
1136.178525,304,414.467026
3581.131619,1000,415.261303
3630.163212,1000,416.041725
3529.503155,1000,416.841789
1122.503932,301,417.056055
1513.419954,391,417.431633
2034.142928,528,417.77528
862.984318,243,418.075203
3214.935702,851,418.679976
1087.811806,301,419.063621
1975.477012,530,419.413276
1118.894897,304,419.739626
960.024204,262,419.918434
1138.800122,307,420.122555
3222.300082,860,420.814405
3548.016562,1000,421.572758
3584.020516,1000,422.369036
1721.005143,450,422.658777
910.264607,256,422.960744
3537.378399,950,423.62135
2258.446066,586,424.134847
3282.604151,873,424.821255
1931.140278,533,425.167264
3672.354957,1000,425.93557
1169.430118,313,426.261182
2590.188749,689,426.69605
1207.497025,326,427.0446
120.588276,64,427.090761
1879.761563,493,427.404942
3301.792192,867,428.219592
3561.830271,1000,429.06613
1094.100967,298,429.292943
3574.126528,1000,430.135387
2128.729584,549,430.617278
3588.884209,1000,431.573728
3556.57992,1000,432.676607
2295.766448,603,433.163942
416.268009,151,433.410411
1259.752061,333,433.689354
1034.499352,301,434.098803
2135.669683,566,434.748027
3599.679076,1000,435.806966
1194.663369,318,436.046541
3582.790386,1000,436.875683
1246.171222,340,437.141015
3504.851194,1000,438.416345
3087.258823,848,439.412549
1150.189837,314,439.624045
3573.334736,1000,440.614154
2633.05262,698,441.306022
3330.517916,883,442.168328
424.178974,152,442.335994
1945.032037,513,442.870359
3489.058877,1000,443.872772
3503.77911,1000,444.847049
1230.310443,331,445.172849
193.479849,87,445.235444
3344.119301,933,446.375828
1613.305862,429,446.668032
3667.117686,1000,447.926763
1100.500433,299,448.373832
3644.319162,1000,449.433204
37.798312,28,449.478055
1206.928411,320,449.861829
1718.300892,460,450.412473
1768.883657,469,450.99518
1692.591308,447,451.359977
1253.264171,331,451.778022
1298.85842,364,452.191864
2801.685184,740,453.164426
1770.805982,473,453.615463
1409.782286,365,454.014563
3246.277862,856,454.804117
3575.912509,1000,455.690891
3560.466333,1000,456.577793
3549.696269,1000,457.444945
1162.474366,320,457.959478
354.827926,130,458.054691
1040.955993,299,458.343349
3679.070647,1000,459.209469
1475.766763,393,459.460715
1378.702675,359,459.834256
1151.857252,309,460.028716
393.027629,141,460.124232
3646.230834,1000,460.912867
3445.341383,910,461.656578
3460.380855,928,462.418125
1271.269683,338,462.638143
1465.546671,381,463.030954
1268.142586,371,463.291568
2553.912053,654,463.854381
1069.945649,296,464.045695
3587.87269,1000,464.825883
2625.891353,702,465.418562
1899.455884,506,465.747295
2210.4991,566,466.251222
1260.486011,333,466.467599
1065.716808,292,466.658353
1983.677277,508,467.124152
1161.991251,307,467.327124
2612.242705,707,467.936053
1020.937709,275,468.117254
1038.215167,285,468.300199
1058.005132,287,468.489871
2503.192582,654,469.050066
2503.4593,647,469.619903
3591.290043,1000,470.395676
1021.663341,278,470.576429
1084.842892,293,470.771165
1034.412041,286,471.088939
1216.047596,328,471.295271
1184.78355,314,471.519661
376.864601,139,471.61095
967.838994,268,471.918485
653.070433,206,472.052047
1994.943205,508,472.373695
1900.87513,485,472.818291
1267.866406,332,473.029051
3634.097691,1000,473.813938
1355.068216,358,474.049867
1190.849932,317,474.385509
1657.599711,434,474.683109
370.781919,135,474.811293
1667.725436,449,475.245376
1609.451624,416,475.505904
1337.783337,344,475.737734
3697.299475,1000,476.514055
1570.67287,399,476.897687
2314.503177,586,477.274802
1188.708181,314,477.60267
2901.538014,782,478.140639
1260.755471,333,478.479642
1704.258506,461,478.804302
2581.933326,680,479.369423
2764.340731,720,480.035494
3670.843446,1000,480.879367
3014.169422,789,481.39032
3436.873057,913,482.111715
3653.868106,1000,482.87178
2176.308214,564,483.38752
2752.755131,728,483.861015
2634.466323,696,484.440322
1335.731995,345,484.802962
3754.261791,1000,485.442576
13.196476,15,485.4535
2551.624569,702,486.120557
1341.551492,346,486.635992
3625.63698,1000,487.518804
3579.689521,1000,488.546648
3755.649378,995,489.649515
3636.506445,962,490.45199
1263.515403,333,490.793301
3514.212748,1000,491.554142
2181.07836,572,491.925175
1142.368924,300,492.242098
379.211589,140,492.336762
3645.907451,1000,493.123572
2612.432674,689,493.566149
3576.692757,1000,494.337968
982.105511,266,494.637091
1919.124358,508,494.963185
3622.886386,1000,495.744591
1250.118292,334,495.970088
2877.815653,741,496.560978
3586.810749,1000,497.485158
3586.097022,1000,498.41895
2464.920266,665,499.115705
336.655352,145,499.24018
3575.057517,1000,500.208854
3549.971018,923,501.156031
3724.1591,1000,502.081684
3110.235336,824,502.726726
3568.493636,1000,503.673888
3611.961042,1000,504.588563
3628.114258,1000,505.627178
3215.945118,851,506.454533
2449.696112,638,507.162537
1938.536476,520,507.584162
3639.645311,1000,508.552658
2478.071316,637,509.241392
3580.102694,1000,510.212802
1132.189936,301,510.455845
1480.112211,383,510.928704
3772.331611,1000,511.941404
3349.527771,876,512.835563
861.249455,247,513.1967
1646.873104,416,513.551797
3578.45775,1000,514.537822
3058.848051,807,515.380207
3785.929377,1000,516.348554
3335.965916,862,517.222326
2633.043195,693,517.808732
2367.609103,618,518.510225
2918.58862,755,519.27774
1035.965935,283,519.499595
43.441624,31,519.533639
1582.376886,407,519.892672
3636.924978,1000,520.86312
1492.501285,379,521.316209
3590.967077,1000,522.313004
1375.432937,355,522.59519
3643.297135,1000,523.628081
3596.282599,1000,524.619029
919.197504,259,524.83658
3541.331079,1000,526.175965
355.287854,129,526.292009
3584.127379,1000,527.734427
1942.174119,520,528.559495
2922.752805,783,529.631897
1288.048628,330,530.075519
2585.352041,674,531.048162
2469.460166,638,531.748795
957.496884,263,532.025173
2641.804237,693,533.227081
3754.025972,1000,534.829383
3512.318075,905,536.29436
3036.8271,801,537.349042
1707.276079,439,537.819327
932.411299,282,538.195531
2576.755298,647,538.74082
3668.351041,1000,539.737515
2875.309811,759,540.522026
1737.242369,452,540.909409
3529.499443,1000,541.888062
3526.152264,1000,542.97604
3520.318492,1000,544.105034
2372.498546,639,544.757167
1545.894957,402,545.111991
681.642819,225,545.300297
744.558096,246,545.659375
406.354254,149,545.78766
2971.909773,783,546.600772
1647.677345,436,546.96169
3577.531439,1000,547.964243
429.185535,158,548.112985
848.574099,273,548.361894
3572.220319,1000,549.355307
2285.202688,592,549.988726
3773.06539,1000,550.967389
2181.363767,576,551.601085
2239.681329,613,552.077731
3348.477491,889,552.971682
3567.696102,1000,553.95621
1705.149259,436,554.31825
3564.198751,1000,555.322673
3649.711503,1000,556.288744
1760.640112,457,556.907986
1947.474733,509,557.320554
3610.853218,1000,558.364772
1927.347657,496,558.939845
376.472208,139,559.172933
3451.988601,921,560.187548
3210.344339,838,561.031746
2595.837384,702,561.824201
3215.543032,876,562.853862
1331.258167,336,563.164891
2316.719368,582,563.850951
3614.887146,1000,565.085966
3724.392445,996,566.057403
3533.054464,1000,567.053213
1089.529854,299,567.303897
3597.272566,1000,568.385894
248.006958,106,568.481667
2606.664305,676,569.295774
3628.739099,1000,570.503332
1660.44624,420,571.007453
3593.669136,1000,572.309816
3544.952329,1000,573.644462
2220.851738,575,574.496154
1048.872725,282,574.846305
1247.648579,332,575.33467
2470.862293,630,575.854172
3589.851757,1000,576.837756
2003.863028,512,577.41856
2011.582157,527,577.873575
3536.963833,1000,579.003489
927.382555,256,579.309404
3625.874345,1000,580.569313
2394.648532,630,581.433765
3592.77829,1000,583.317366
429.051685,139,583.475789
403.070497,141,583.784291
683.674372,199,584.004424
429.246697,143,584.573734
3505.046251,914,586.396296
1457.393322,378,587.02501
402.749781,143,587.229372
847.595176,246,587.731185
397.834037,142,587.97723
2986.85376,760,589.43702
1864.012162,474,590.632917
2645.942992,696,591.609325
2652.255578,688,592.503258
1625.92928,422,592.952906
403.222271,136,593.109919
415.596633,142,593.502156
3680.292046,1000,594.871986
1021.409461,275,595.161362
1690.05617,432,595.676251
3338.755087,886,597.080453
3014.812003,778,598.215206
1747.200947,469,598.720082
427.357476,144,598.89274
3647.757226,1000,600.733796
3671.802185,961,602.186697
2699.476203,717,603.279752
3573.724757,1000,604.731636
755.892124,226,604.988112
3637.549772,1000,606.301579
2272.032774,610,607.136059
845.968283,243,607.3924
501.53896,174,607.583273
3630.377997,1000,608.894485
2543.527245,669,609.910569
2867.579982,747,611.028705
3523.403582,1000,612.636326
514.655384,160,612.862029
3585.550259,1000,614.316827
1096.816149,293,614.649801
3556.101956,1000,616.010083
908.154841,259,616.352298
1758.524021,467,617.090077
728.373841,211,617.314039
3551.610973,1000,618.619669
3524.449392,1000,620.033634
3461.102333,1000,621.416058
3202.26754,905,622.628822
481.850889,157,622.819668
3500.756991,1000,624.158595
154.709724,74,624.235579
1386.688029,352,624.604444
3592.3174,1000,625.971144
3568.971821,1000,627.655106
3559.70036,1000,629.623324
2351.237466,615,630.561979
450.158362,160,630.734587
3603.083147,1000,632.091788
2077.615677,534,632.788855
3491.273144,1000,634.278144
1575.480213,408,635.109948
3594.670115,1000,636.533685
3570.13659,1000,637.890253
2307.628448,596,638.628892
2009.026927,518,639.417922
641.441416,200,639.63444
3611.364754,1000,641.006611
1823.538844,461,641.57721
217.450389,94,641.88762
3679.713159,963,642.971824
1811.283065,532,643.806248
3628.725434,1000,645.338058
2788.117292,726,646.358612
2182.767452,565,647.05175
3563.706918,1000,648.371677
3602.057476,1000,649.771094
1755.465847,470,650.514701
2966.638744,802,651.401359
1506.693226,402,652.046924
1781.05006,470,652.572463
2479.356806,642,653.461513
1393.045213,379,653.909342
3597.34625,1000,655.27567
2487.276229,658,656.235015
3735.493705,1000,657.575052
3602.408846,1000,658.962176
3577.401457,1000,660.262132
2831.51529,751,661.322485
3584.075551,1000,662.601889
3669.155669,1000,663.976675
1329.850194,348,664.346874
3282.988165,883,665.526496
2416.018233,652,666.243986
1648.017172,426,666.916276
2816.834042,737,667.930463
748.427829,714,668.818205
3761.422635,1000,670.498785
430.837044,148,670.73275
1357.09051,351,671.614012
3620.620786,1000,673.318967
3092.511248,808,674.430659
3612.268441,1000,676.32043
3584.662002,1000,677.903896
2090.16914,522,678.700047
2039.280439,541,679.311043
2629.997513,687,680.294267
3617.016186,1000,681.575011
3598.905467,1000,682.932392
3531.267406,1000,684.717598
2991.329837,794,685.941532
2209.442754,593,686.795516
992.942457,269,687.474261
2305.52947,603,688.479457
1667.76175,436,689.284771
3437.297368,916,690.915101
3645.359434,1000,692.540979
2244.036724,585,693.30671
1547.650708,409,693.86151
3619.894596,1000,695.415376
2392.518908,628,696.508588
3595.277951,1000,698.055837
1299.89982,359,698.545192
1953.567947,529,699.482375
3697.735932,1000,701.052119
3615.847118,1000,702.739441
1078.732179,294,703.157538
3675.091339,1000,704.789714
2605.550978,673,706.027412
1353.448874,357,706.486255
2300.729025,587,707.537986
3646.111899,1000,709.236243
1589.858324,410,709.843266
3652.012151,1000,711.473291
3515.513491,926,712.900929
149.344404,72,712.99386
1579.85894,421,713.656269
371.649468,136,714.06408
2112.066127,549,714.943539
1367.330875,372,715.439464
3474.701296,916,716.934328
3760.010202,999,718.606383
3516.053286,917,720.142739
368.201082,135,720.323614
1175.529225,327,721.113839
2478.478685,650,721.992804
427.55162,139,722.177048
1772.851752,518,723.136593
1952.281357,511,723.909395
1512.964699,398,724.656295
3211.61011,841,726.017788
1604.756123,458,726.659078
1195.885899,331,727.150985
2591.385888,665,728.290761
2373.478303,632,729.561159
1563.983849,423,730.251942
2949.977147,771,731.522085
2384.549034,619,732.588123
2363.011114,626,733.500921
1626.276917,427,734.320366
3436.146351,907,735.505238
431.758108,149,736.03393
2418.318028,647,737.271353
3006.502149,808,738.964996
2055.239707,553,741.058932
1702.405804,441,742.10727
2379.148742,621,743.522117
3243.784813,851,744.824841
3290.479042,866,746.390007
2890.539106,750,748.451036
3238.462133,868,749.970778
1245.555675,340,750.559759
3683.196399,1000,752.896888
3566.179746,1000,754.816948
3613.793055,954,756.433666
2147.262914,574,757.351522
3274.216209,876,758.638179
3665.675905,1000,760.222795
3605.690561,1000,761.883278
982.598276,254,762.773191
3625.022015,1000,764.78422
3495.267857,912,766.943579
2063.915509,538,767.94393
2384.208335,635,769.111444
3630.030807,1000,770.834274
1510.491654,398,771.389521
2983.989554,788,772.727454
2340.738672,611,773.644829
3235.950425,851,775.234577
2004.018558,521,776.339851
2034.293883,518,777.076821
2566.033164,681,778.278983
3634.541486,1000,780.26491
1399.104263,352,780.773767
3733.486951,982,782.604955
2258.670562,585,783.82603
3655.869616,1000,785.409258
1480.811517,397,786.023224
1775.838493,459,786.870373
1052.105728,306,787.334307
1690.066731,448,787.979194
2290.984971,602,789.771491
1629.062692,423,790.848064
1138.019935,301,791.858179
2016.315903,525,793.069609
2515.835973,659,794.620103
3297.037226,872,796.158194
2738.602267,714,797.107159
367.190809,132,797.273772
3626.545666,1000,799.026176
1670.679098,426,800.012565
1980.573256,516,800.696623
1199.357326,311,801.62874
2144.826366,559,802.359099
3028.498405,798,804.050899
2028.131211,539,804.94055
2396.278073,626,806.025956
1693.284129,437,806.800836
2043.649314,520,807.485114
1344.177451,358,808.042162
3656.508623,1000,809.624223
1256.151469,348,810.282314
2867.734985,739,811.371224
1693.161711,471,812.248522
2121.717382,551,813.021476
1600.397797,410,813.805955
1556.374494,406,814.500151
3047.159705,823,815.820237
1663.216671,439,816.529514
3636.030316,1000,818.234484
2617.028206,685,819.45736
1810.16665,463,820.407547
3682.808753,1000,822.438887
1426.287772,365,823.325989
1790.917013,468,824.469693
1386.499517,348,825.455235
2305.17152,592,826.539912
1777.409983,468,827.603951
2034.871654,526,828.467287
1731.805883,432,829.49567
3702.565732,957,831.3066
3213.339636,852,833.135032
3513.0648,913,835.260689
2009.053334,517,836.494401
1525.742429,394,837.186047
3347.763996,867,838.981186
2094.033551,550,840.170579
2031.073599,522,841.036522
2753.355225,722,842.621447
2137.83622,563,843.929976
2071.684239,530,845.068956
887.189992,226,845.575584
2059.802228,530,846.699746
2084.990168,535,847.39874
3707.142069,1000,849.136682
3865.471302,1000,851.03909
861.100856,245,851.352939
1873.332485,485,852.202406
1696.701996,455,852.884173
1922.488071,499,853.889558
317.926351,118,854.048569
1775.670593,449,854.663579
1322.333143,348,855.435369
3763.625137,1000,856.998834
2338.47628,598,857.784113
3717.608471,1000,859.486809
1820.985945,467,860.328265
1906.783245,490,860.983097
1710.970143,446,861.818493
2049.761573,551,862.607389
3740.027161,1000,864.205508
3596.683339,1000,865.779226
949.57763,260,866.131183
3363.890537,889,867.540786
3654.445355,969,869.296881
3630.288279,1000,870.928242
3604.673268,1000,872.513066
2284.745331,605,873.530387
2644.991516,701,874.436905
2181.364946,564,875.480092
2843.435746,749,876.735947
3687.750088,962,878.282968
36.265364,27,878.349496
2842.14288,743,879.327911
1528.777064,407,880.082415
2666.380944,703,881.011667
1424.025593,364,881.721195
3779.194634,1000,883.255894
3638.823787,1000,884.745339
2090.625681,577,885.490047
2716.95309,708,886.607473
3460.564159,899,888.037171
1051.52065,284,888.385796
2739.13292,728,889.457713
1953.001472,534,890.244628
1951.297824,515,891.11819
2056.637427,539,891.82539
2647.307343,692,892.884284
3646.218668,1000,894.396393
2207.396542,578,895.364487
1267.82385,330,895.802454
3042.412101,810,897.742314
3256.962115,859,899.830395
3650.225474,1000,901.440564
3741.812186,1000,903.177571
1960.510748,517,904.19199
1808.068423,479,904.988789
1486.141798,407,905.77668
1806.897576,473,906.47434
1639.931522,417,907.350244
712.393719,217,907.690594
3668.64541,973,909.269884
2000.159536,537,909.961097
1945.99018,503,910.981209
3225.474453,848,912.436863
454.566472,159,912.701147
3730.1118,1000,914.716701
1527.052525,404,915.30689
3806.490555,1000,916.940717
3628.462226,1000,918.610051
1738.50004,462,919.495507
3652.791651,1000,921.166838
341.533346,130,921.337852
2910.772032,770,922.357229
3598.540846,1000,924.000122
2046.774016,525,924.947897
1519.756136,403,925.502626
2984.875996,774,926.792346
2423.811514,644,928.013008
2366.125716,617,928.857405
1744.14818,460,929.694328
2559.800869,674,930.578987
1492.317355,379,931.35453
3625.396482,1000,932.90885
3634.015227,1000,934.571153
2862.165488,747,935.714084
1819.481092,478,936.335225
2291.434131,612,937.453984
2346.239641,626,938.287184
1947.336588,514,939.247048
3639.052799,1000,940.908712
2057.246471,541,941.625877
3789.720402,1000,943.38741
2814.927753,742,944.80312
2928.947943,767,946.059642
2185.501833,564,946.926908
1706.869923,446,947.787869
3654.456247,1000,949.309954
1682.900871,427,949.841683
1426.906132,368,950.415536
2747.042759,723,951.609688
2206.605127,577,952.629626
1753.918893,453,953.274674
2007.132339,525,954.362917
3047.788817,800,955.473319
2150.965044,565,956.502469
1546.248995,407,957.090918
2420.39139,631,958.185114
3798.697229,987,959.795258
3127.675896,796,961.111762
2412.918948,635,961.958058
1838.993207,471,962.884703
3669.553721,1000,964.624711
2655.757956,690,965.59658
374.235597,137,965.999607
2251.94582,586,966.840906
1795.425299,471,967.728179
2575.488156,677,968.620995
997.36061,271,969.222927
2702.596666,707,970.244707
1888.642519,498,971.131489
1554.531512,410,971.647194
2276.433308,636,972.793528
3634.822664,1000,974.396776
1823.956952,472,974.995058
2457.234782,642,976.195737
3677.880018,1000,977.892524
2019.4354,519,978.827972
2180.514814,569,980.227107
1538.494794,398,980.771172
2318.270758,598,981.766388
2126.510143,558,982.542481
1597.165264,415,983.371432
3317.112671,864,984.822704
3770.14262,1000,986.566276
1005.425412,300,986.965777
3654.210524,1000,988.534364
2030.260086,519,989.296874
3733.746232,1000,990.951527
3677.083539,1000,992.550597
1538.772871,403,993.412508
846.583198,249,993.749208
1601.249613,423,994.293755
381.067717,134,994.490492
3609.094872,935,996.050936
2695.614125,696,997.304966
2149.076511,574,998.395183
2509.008438,664,999.287124
2280.315122,612,1000.419671
1713.935002,452,1001.028958
3710.060692,1000,1002.703599
2196.659182,581,1003.821661
1931.399553,502,1004.463027
2216.342924,585,1005.492169
2300.604862,607,1006.549679
3058.900839,802,1007.631295
1541.389543,404,1008.718382
2855.653031,737,1010.497651
3659.621403,1000,1012.985843
1711.495024,465,1014.278054
2096.952901,551,1015.796755
1566.324591,416,1017.218958
3642.184326,1000,1019.353983
3652.898058,1000,1021.294408
1718.135936,443,1021.871267
2242.185896,594,1023.260704
3472.729625,920,1025.120783
1436.6205,383,1025.655078
2604.236317,702,1027.057954
2690.97096,697,1028.224378
3631.35017,1000,1029.782199
2697.361962,691,1031.040137
3638.919126,1000,1032.778327
2587.504494,668,1033.99368
3783.452821,1000,1035.885463
2139.388611,560,1037.111497
1794.122338,463,1038.07088
3621.303954,1000,1040.098966
2875.121308,750,1041.6603
2636.343514,683,1043.301417
1886.157367,489,1044.388267
3852.196302,1000,1045.866468
350.305926,130,1046.294646
3620.444212,1000,1048.875104
2028.637237,522,1049.658325
1555.293849,412,1050.668664
3613.341919,1000,1052.304638
3681.434799,1000,1054.522115
1560.142837,395,1055.366812
2526.285379,653,1056.23576
1933.493156,505,1057.147665
3499.910769,911,1058.847472
3796.64382,1000,1060.437116
1992.047151,520,1061.2124
3195.964312,822,1062.600564
3658.223481,1000,1064.210676
1518.730388,396,1065.13604
1846.550471,481,1065.878667
2158.742363,545,1066.840893
2137.989832,557,1067.58197
3337.42536,857,1069.067215
3637.787034,1000,1070.718792
3699.337829,1000,1072.450462
2952.39233,785,1073.720987
2299.733735,612,1074.579438
3647.774751,1000,1076.544303
1848.441123,473,1077.414588
3242.417861,835,1078.816108
1834.506374,468,1079.713325
3660.884822,1000,1081.775559
337.30418,128,1081.999889
2753.357705,719,1084.06406
3646.270868,961,1086.585802
2488.326502,659,1087.577022
2503.796263,651,1088.746885
1502.361202,397,1089.372337
2004.523886,541,1090.374045
1675.464473,428,1091.12029
2657.185811,690,1092.33191
3528.297314,945,1093.92724
2151.943825,551,1094.93236
1531.062766,405,1095.753208
2027.433094,531,1096.458213
2421.827361,627,1097.680785
1700.640796,444,1098.32296
3678.015753,1000,1099.921773
1450.124889,380,1100.742104
3731.198066,972,1102.531233
1530.006846,397,1103.046101
3658.900374,1000,1104.66454
2226.712141,578,1105.662193
1847.536329,478,1106.395975
1780.954045,474,1107.329016
2222.174934,599,1108.357489
2334.921604,612,1109.352874
2054.169447,534,1110.096668
1591.388081,406,1110.89252
719.695691,223,1111.258958
3659.608748,1000,1112.964057
3773.144312,988,1114.605685
3257.7153,844,1116.078384
1728.384112,468,1116.712772
2977.831467,774,1118.134707
2272.935535,639,1119.069602
2168.430473,573,1120.042934
1967.888364,513,1120.95465
2794.687606,723,1121.975436
1839.57236,492,1122.879644
2836.262737,758,1123.821059
3620.299223,1000,1125.592656
