#{"t_start": 1521329660.750836, "env_id": "Walker2d-v2"}
r,l,t
5.726587,26,3.376023
-6.839041,20,3.395359
-4.068023,19,3.410293
2.847243,12,3.419735
-4.089636,23,3.438029
8.10797,36,3.46822
-1.922927,22,3.48878
-3.823456,9,3.495911
-2.099553,27,3.516569
-0.834324,15,3.529126
2.2271,17,3.543173
-3.49291,33,3.571726
-1.052089,26,3.599606
10.001032,29,3.624499
-2.985486,8,3.631302
3.662785,23,3.649891
5.860449,23,3.66919
-3.153686,9,3.678822
3.610813,24,3.701305
-0.040001,18,3.716345
5.520641,26,3.738636
-6.872449,14,3.752053
1.328413,21,3.768895
-7.864953,13,3.783043
-7.320776,20,3.803981
-6.346383,10,3.813088
-6.9711,16,3.829201
-1.412542,19,3.845542
-3.850848,11,3.855024
-6.349114,16,3.869738
-0.94775,17,3.887476
2.633024,20,3.915184
-0.157378,16,3.928406
6.632751,25,3.94907
-4.531942,11,3.957937
3.610734,21,3.980249
0.643354,10,3.994046
-4.581373,20,4.018509
-0.539863,12,4.034693
-1.712758,10,4.045173
-8.193676,11,4.055142
2.340671,28,4.081243
0.283079,10,4.094561
1.845859,22,4.120805
3.298435,16,4.139654
0.562227,15,4.151503
-3.573253,10,4.159838
-3.410364,16,4.173689
6.348827,21,4.195436
0.48347,10,4.206613
4.018367,21,4.226683
-4.1865,21,4.246468
8.191158,23,4.264457
0.014699,20,4.284161
5.807442,29,4.312013
-4.51695,8,4.751111
-1.068866,11,4.760418
-2.524255,14,4.772131
-0.493057,13,4.784546
-0.345018,20,4.80335
-2.990963,19,4.824902
0.554061,25,4.845298
7.879295,24,4.864261
1.894816,13,4.875262
1.124982,16,4.89239
4.339062,20,4.913639
-2.954552,13,4.928238
-3.758701,10,4.938024
4.364521,18,4.953931
13.033019,35,4.98245
-7.361579,10,4.990955
2.007825,14,5.002594
-1.433887,14,5.014109
0.392136,13,5.026262
-3.114491,21,5.047014
21.310226,46,5.084645
-4.009366,8,5.091783
-0.404438,16,5.104254
-2.78298,26,5.126737
10.509199,33,5.157797
-5.544648,9,5.164901
9.513448,57,5.209256
6.032452,17,5.222183
-3.096599,14,5.236715
-0.596069,21,5.255101
6.179347,30,5.278526
1.625736,29,5.300473
3.607188,17,5.314032
-3.0534,15,5.326009
4.138686,18,5.344598
-1.636821,21,5.361366
-4.539364,12,5.370739
-2.86285,20,5.386525
4.091302,30,5.410225
-1.027473,11,5.418989
2.290933,14,5.431054
-5.783719,11,5.443577
-3.414591,10,5.452601
-3.571594,16,5.465306
-0.057307,37,5.493884
5.418895,25,5.513183
-6.559043,12,5.522505
-5.210633,18,5.541017
-5.068057,12,5.551033
-4.859204,10,5.559856
16.652842,37,5.590552
-2.158173,15,5.602832
4.061558,20,5.619592
-0.087662,15,5.795343
-0.637521,10,5.807268
23.441499,40,5.841578
-1.234593,27,5.87223
-1.645555,8,5.880226
-1.420081,25,5.908596
11.386436,22,5.928702
3.182261,18,5.943509
12.593065,25,5.968595
-4.372243,9,5.977684
4.243572,24,6.008066
7.425603,19,6.030471
7.337685,21,6.047723
-2.162766,15,6.062172
0.500405,13,6.074518
-1.060933,27,6.096561
10.320685,33,6.122617
0.787944,18,6.136436
-2.747136,20,6.153637
7.205026,30,6.182662
2.659253,15,6.194954
5.673851,40,6.226089
-5.108287,16,6.23867
-13.363316,23,6.257929
-2.408199,17,6.280082
7.587983,43,6.315319
6.54467,16,6.329437
3.145671,26,6.350504
-5.070309,18,6.369107
58.167606,71,6.427121
3.079428,30,6.450186
10.835678,25,6.473797
-1.475045,9,6.48418
-1.759414,17,6.497852
-0.173045,17,6.511508
10.85925,36,6.540306
3.519795,15,6.552576
5.524245,16,6.566405
13.351832,42,6.608258
4.655409,15,6.62058
2.219712,15,6.633494
6.933505,30,6.658582
-2.766156,11,6.667562
14.551858,28,6.698052
-7.983947,15,6.71114
20.78337,38,6.917036
-3.392878,40,6.950891
6.198357,27,6.973597
3.199358,26,7.000812
-2.047437,10,7.00926
4.142293,27,7.030613
12.594513,44,7.066578
13.587215,31,7.096632
-0.112059,14,7.111933
-1.532736,26,7.132245
16.130219,40,7.164761
-5.641523,12,7.174806
17.06708,27,7.200994
2.115798,19,7.215675
18.54418,36,7.243965
8.238503,19,7.258905
4.215592,17,7.27236
-0.365511,15,7.28547
4.441201,41,7.321027
12.445823,37,7.349583
-1.226847,13,7.360086
2.562473,25,7.379422
0.410831,15,7.393483
1.439091,13,7.40856
1.461374,34,7.436106
5.311,16,7.448915
-1.244457,51,7.487793
4.579724,49,7.53234
1.139118,16,7.54555
0.323495,16,7.558644
18.557532,52,7.60482
-3.284943,12,7.617032
-1.457,21,7.635162
-0.053813,11,7.644863
19.19469,43,7.679773
0.525249,13,7.690252
27.507464,44,7.730906
9.866313,22,7.748889
3.350716,22,7.944933
18.751373,54,7.993696
12.111278,48,8.035812
11.391892,25,8.055547
11.625925,43,8.089885
-1.024307,26,8.111761
-0.262719,16,8.127755
14.870124,35,8.155635
1.586756,14,8.166795
16.083035,44,8.201673
3.063634,12,8.215716
13.550151,46,8.264834
1.5003,13,8.275707
10.670406,37,8.305052
8.749226,21,8.327291
9.479302,58,8.38014
3.776639,23,8.401452
16.957738,37,8.435121
1.493097,21,8.456866
25.508301,44,8.492207
11.725698,28,8.514316
12.747177,23,8.537118
7.173582,19,8.55358
12.927332,25,8.574526
2.523552,39,8.60848
-0.063948,35,8.64149
-2.445472,13,8.655536
22.949121,40,8.689398
-0.359854,18,8.705135
27.020052,40,8.739281
-0.906074,10,8.749969
4.98758,20,8.766345
2.386917,42,8.802749
9.805829,25,8.823601
10.869611,26,8.849692
0.998585,10,9.020337
-3.567864,16,9.034904
1.091701,10,9.045711
64.082464,94,9.126685
22.664892,57,9.178314
2.762607,17,9.192054
3.088755,24,9.210819
9.055459,30,9.2338
27.096243,55,9.282297
15.601762,36,9.310079
17.748312,32,9.334758
13.135254,48,9.384633
-1.324571,9,9.392082
2.313555,16,9.404224
11.829304,48,9.441026
7.036107,24,9.464917
1.89521,11,9.475009
20.440504,61,9.521709
3.967279,33,9.548339
18.925536,42,9.588695
28.601714,38,9.620811
1.90941,11,9.629999
28.727634,46,9.675023
28.008756,69,9.732996
1.740319,15,9.746123
13.825715,31,9.77773
23.4897,54,9.821706
4.898783,26,9.844209
20.468372,87,10.091569
14.413216,42,10.128726
2.907253,13,10.139887
3.508535,15,10.151751
9.609525,25,10.172763
0.090228,10,10.184287
33.729726,55,10.231543
-24.434183,100,10.326844
40.276127,51,10.370829
56.622747,98,10.460802
6.429443,19,10.477692
24.717098,38,10.517717
60.703575,67,10.576422
-6.214551,20,10.597166
3.756069,19,10.615113
25.90379,41,10.648928
9.542742,54,10.695347
8.784356,24,10.721835
26.511271,47,10.762725
7.425882,17,10.780441
49.758004,90,10.86185
0.626227,13,10.872945
6.649777,68,10.94364
12.727524,67,11.000707
40.185863,49,11.309754
42.88388,72,11.386333
15.013573,41,11.423645
-2.706184,23,11.447643
37.859197,93,11.520717
53.349098,105,11.61211
3.330155,46,11.670061
46.010525,86,11.762326
-1.002558,16,11.77706
18.719777,33,11.807825
5.899124,18,11.821797
17.547443,36,11.854924
1.461181,38,11.895368
15.25519,26,11.919197
12.303738,33,11.954633
23.739455,56,11.998454
4.330893,20,12.014464
18.245965,37,12.047896
9.55335,40,12.085232
24.814301,37,12.117501
-0.290989,9,12.12565
17.508373,44,12.168165
43.055101,52,12.210764
14.502986,25,12.392912
20.596778,37,12.428107
132.226449,156,12.566485
18.271947,56,12.610026
11.186471,38,12.64054
35.958969,82,12.715822
137.473631,132,12.832296
141.075054,125,12.952281
41.918925,55,13.005656
2.384506,19,13.020373
44.372197,77,13.089677
27.134967,48,13.129518
34.538668,113,13.229738
23.169105,95,13.461
39.554529,62,13.522098
15.248322,31,13.547008
3.405278,14,13.558407
9.258605,33,13.589768
-1.185857,12,13.60271
-0.815452,16,13.615259
104.891978,118,13.715357
1.043444,18,13.730385
12.423664,126,13.843034
42.394922,83,13.922226
34.477953,135,14.037716
9.909353,27,14.058792
0.502119,23,14.078651
-19.540266,100,14.168054
37.284001,68,14.235521
40.567524,103,14.330316
25.187673,42,14.364775
23.11864,85,14.601624
8.589653,33,14.633692
116.361623,121,14.73401
50.451472,137,14.856545
28.996342,129,14.976864
89.837247,164,15.116467
218.113734,154,15.251999
27.926016,69,15.305278
14.921619,37,15.335287
8.822538,75,15.397095
70.928127,103,15.63864
23.577983,48,15.681549
26.265425,70,15.735455
13.921303,32,15.766155
16.273197,107,15.861746
108.582554,137,15.996351
83.023664,116,16.097839
35.453298,55,16.147371
254.111898,137,16.264457
28.07081,97,16.348058
55.609575,107,16.437884
183.026994,143,16.72128
55.23633,110,16.815878
86.522917,97,16.90815
69.453026,86,16.979646
6.594058,162,17.123877
22.489691,33,17.151437
334.688588,210,17.342813
76.954439,151,17.510243
290.988779,238,17.870655
209.903125,125,17.991606
25.215435,102,18.082311
105.024482,208,18.263718
258.231024,145,18.383815
71.349584,146,18.503063
31.985541,43,18.53774
8.495649,51,18.584393
47.840225,86,18.813232
23.167402,170,18.978961
152.376558,180,19.133738
357.066087,227,19.332133
71.920121,131,19.437701
-18.641896,121,19.540299
122.275226,195,19.860998
8.634496,32,19.894663
31.933683,51,19.942357
304.279235,191,20.110735
73.876215,198,20.287698
132.059306,242,20.488989
-22.600003,219,20.673719
58.583496,138,20.976256
240.303668,176,21.133056
-17.068495,148,21.264634
316.023681,175,21.409224
184.613568,241,21.606835
171.920182,95,21.686912
119.774128,156,22.020572
45.410295,97,22.112511
37.140709,190,22.296977
232.057107,168,22.443621
147.779937,302,22.684644
201.698729,121,22.782576
14.437817,31,22.808467
149.15424,162,23.135571
21.031446,107,23.23433
424.996702,283,23.486528
90.719828,167,23.620578
448.358307,264,23.837952
200.286452,139,24.226238
231.700882,117,24.358687
218.519645,160,24.534961
50.872579,96,24.694142
19.453383,149,24.966756
100.700527,219,25.218615
46.130999,108,25.316154
22.232898,137,25.778226
76.211115,161,26.075747
43.079879,114,26.217225
35.00236,162,26.362942
290.745026,187,26.564824
244.221017,158,26.744795
22.622057,149,26.877388
52.421051,131,27.217828
22.2624,40,27.317021
313.26798,212,27.53385
314.025735,223,27.850993
287.171692,255,28.107663
126.827562,168,28.299531
505.369225,414,29.095339
64.163604,83,29.199599
280.34021,212,29.524726
282.621387,218,29.769928
533.549515,408,30.404313
129.147522,254,30.661067
158.688687,187,30.909448
821.29869,846,32.175197
203.733448,121,32.304365
121.79482,259,32.631343
174.315573,114,32.763354
243.978108,139,33.265043
73.111425,149,33.467251
257.16325,183,33.808774
245.590114,141,34.043273
181.529537,128,34.242723
155.283651,107,34.404404
131.358281,293,34.992919
72.727548,110,35.189227
89.280097,185,35.352644
44.070558,157,35.565805
86.274359,165,35.720293
220.989794,137,35.842871
26.80164,194,36.392689
170.283087,96,36.566176
284.523601,442,37.020564
319.662723,241,37.243857
260.925766,170,37.395606
373.672262,284,37.799256
215.60659,129,37.920293
227.301279,170,38.071247
307.969906,179,38.240727
206.139723,133,38.360042
174.456026,98,38.443395
142.660038,97,38.524531
294.519417,222,38.862744
128.166454,271,39.117544
71.696126,96,39.204232
290.136491,207,39.380878
21.659472,150,39.514078
11.035036,26,39.534091
356.271174,310,39.960521
194.985849,121,40.066915
399.141303,223,40.27154
206.535086,152,40.40226
20.415854,134,40.512304
-12.246445,109,40.604035
293.687615,173,40.923743
31.487913,72,40.987976
209.169925,129,41.099383
237.087844,132,41.221966
426.344286,310,41.49904
305.109418,253,41.871515
66.029476,170,42.105307
201.101746,135,42.235842
255.980621,154,42.424374
209.095286,235,42.637942
129.815779,240,42.842297
222.747401,117,43.136787
286.852135,186,43.314051
114.453392,306,43.579305
93.535572,166,43.720083
319.422297,178,43.868044
74.706097,254,44.264231
199.455318,121,44.367077
98.363383,191,44.541858
239.735709,163,44.688793
302.999242,188,44.847357
227.981377,180,45.004078
289.163006,189,45.340509
74.059251,160,45.487994
176.607859,95,45.574382
313.593038,233,45.772239
330.513732,225,45.968248
197.205543,105,46.05875
179.97603,110,46.317868
110.543817,155,46.46414
127.420591,237,46.677283
266.527902,187,46.843073
68.560268,159,46.984504
245.003051,154,47.114932
249.736809,172,47.448567
166.654777,107,47.542405
208.764977,156,47.676572
248.947993,184,47.829403
55.417237,229,48.033889
185.301396,105,48.119674
425.695502,282,48.551472
228.151396,156,48.693409
330.170474,462,49.092049
49.852578,146,49.225076
228.769716,135,49.339355
357.386722,290,49.748834
221.40019,113,49.843432
238.379276,140,49.966338
213.354643,133,50.077222
259.584221,146,50.203055
216.230284,120,50.303775
240.861837,126,50.574896
277.50252,177,50.737422
241.102626,151,50.857773
243.596598,141,50.977804
239.280227,131,51.08458
253.630614,176,51.232573
321.882824,205,51.403268
53.280556,195,51.75213
361.566828,305,52.012563
240.915713,143,52.130317
143.417508,82,52.202257
259.407365,142,52.32659
35.065127,149,52.453836
220.433483,148,52.75174
189.901497,313,53.01946
12.099371,142,53.136725
212.372574,109,53.236917
251.65781,181,53.392858
376.019489,260,53.785556
190.616336,115,53.884106
165.173866,150,54.019595
521.340611,399,54.35486
279.661275,195,54.521731
224.865051,133,54.802785
265.49103,150,54.93675
137.339333,86,55.004472
205.212205,426,55.356968
400.500195,230,55.596444
88.031089,203,55.988186
245.002482,146,56.107459
276.40716,166,56.243069
269.803283,148,56.376822
325.010462,185,56.536764
352.391283,199,56.719436
197.237447,116,57.007551
182.916819,96,57.084002
265.979297,150,57.231333
250.503658,152,57.380654
314.146853,210,57.572487
333.938445,206,57.758784
459.202916,353,58.402931
847.904085,835,59.384694
213.685227,123,59.487479
159.140986,107,59.57111
194.520935,113,59.668864
331.892127,200,59.846577
379.693026,281,60.109632
504.657008,482,60.877233
213.321899,120,61.092386
193.492405,120,61.21337
378.14734,266,61.475765
236.248459,125,61.580404
213.527341,121,61.932089
291.811201,173,62.096248
617.175825,545,62.632718
238.104108,131,62.740443
261.825783,138,62.852974
171.541279,109,63.180223
289.430631,201,63.364467
230.303437,118,63.475809
395.505515,270,63.757831
99.262873,190,63.967765
234.125323,122,64.16708
289.762285,164,64.481404
77.535909,155,64.605079
215.936477,129,64.718595
106.679907,199,64.894291
198.051195,111,64.988265
228.752346,117,65.088009
-1.872754,8,65.094661
362.358311,263,65.483585
288.627942,194,65.653555
215.301147,112,65.754455
330.18702,227,65.957284
305.613712,176,66.119469
207.901426,116,66.210365
266.219654,152,66.499565
340.195917,213,66.688322
356.332629,242,66.96998
269.982353,155,67.153679
364.419435,215,67.338877
173.048829,101,67.431126
215.523041,118,67.708379
348.654517,267,67.956159
275.881031,177,68.201598
450.089023,340,68.503033
215.946295,111,68.608026
230.908036,120,68.885209
444.802627,294,69.270944
175.554553,96,69.383608
227.063915,136,69.542721
246.910348,147,69.736917
469.92399,454,70.521376
76.846912,166,70.704555
218.836709,116,70.841678
229.281989,169,71.062115
196.628178,137,71.240207
484.137879,308,71.832132
223.760933,125,71.985533
160.644774,89,72.081185
47.189233,164,72.262149
608.4938,561,72.924358
422.152376,255,73.445991
500.471022,399,73.926918
305.45083,168,74.130223
369.114825,263,74.556163
173.62585,105,74.655791
123.828243,204,74.817215
273.949065,157,74.957728
397.454404,541,75.592948
210.530135,117,75.69756
267.0525,173,75.836235
265.416219,157,75.974738
227.325577,111,76.076774
245.384908,139,76.198211
507.018149,404,76.735462
276.891029,313,77.008485
171.186458,90,77.092038
112.512404,215,77.301097
491.496146,309,77.607113
382.072506,310,78.128367
252.032595,143,78.315236
202.149582,109,78.458676
168.027889,88,78.557268
117.603604,252,78.849392
335.835042,207,79.279021
405.651826,230,79.53678
394.310629,281,79.842449
269.711293,170,80.046884
350.609716,219,80.283835
185.423815,113,80.64934
219.145769,118,80.923696
133.720125,263,81.266911
289.793498,162,81.746564
240.140006,127,81.941246
227.303623,142,82.163592
110.957496,202,82.624427
227.11938,119,82.863151
296.555963,170,83.072911
431.069162,270,83.585399
44.819159,94,83.73429
83.048968,173,84.169276
257.635004,169,84.924761
237.145451,136,85.242452
265.663104,138,85.494708
276.805792,215,85.81246
220.213372,119,85.953027
368.808632,228,86.211538
290.435907,167,86.587915
230.290685,121,87.135028
62.222578,165,87.475975
351.088953,239,88.003394
412.843288,269,88.323242
337.316659,254,89.082814
320.685423,186,89.422145
226.85831,124,89.63772
230.640521,132,89.806623
336.702975,208,90.144313
357.63283,293,90.674355
337.538878,197,91.08653
263.799185,147,91.248326
251.064695,127,91.386902
335.430507,193,91.608261
226.98714,135,91.750876
299.880941,176,91.961041
237.039546,132,92.327719
127.806928,174,92.562697
275.005046,173,92.763292
525.286197,404,93.265572
261.710657,147,93.450111
542.760297,493,94.308508
261.893522,156,94.507798
232.091709,134,94.669101
197.78285,103,94.790633
66.413998,99,94.918388
498.691034,458,95.817464
196.105228,105,95.968985
47.611681,149,96.15527
88.547428,173,96.360105
366.521362,256,96.663549
393.343286,288,97.236341
284.916605,240,97.495076
253.431608,137,97.646857
297.090498,189,97.881023
293.428801,150,98.065814
217.658923,117,98.467887
154.075277,75,98.583267
285.85776,165,98.844015
298.993532,214,99.244694
285.422675,165,99.520006
376.025629,261,99.864612
233.732845,123,100.24361
194.652824,105,100.365884
76.490504,219,100.625444
267.507381,156,100.830684
342.329156,243,101.205865
286.117326,189,101.458646
395.625177,278,102.043065
270.767645,146,102.244262
520.348925,412,102.778592
275.870859,150,102.98044
289.971454,193,103.502414
323.113357,186,103.727834
416.535813,284,104.05658
314.44317,173,104.269767
135.581841,254,104.606882
286.98263,171,105.03863
261.574579,144,105.206964
414.070066,259,105.504112
275.265569,167,105.686675
210.116393,111,105.839249
425.166544,298,106.441001
215.861246,117,106.576468
152.969271,84,106.6784
253.455312,159,106.858974
273.858196,155,107.054582
277.417654,188,107.309987
315.342901,184,107.516894
214.76246,123,107.856687
287.75075,183,108.080577
299.327554,182,108.292229
270.948271,144,108.466075
253.59815,142,108.645839
397.257932,292,109.078906
436.618036,296,109.642394
340.927175,219,109.93715
213.458529,109,110.098274
524.282634,488,111.009095
274.100666,162,111.210957
294.594152,179,111.445121
278.55256,156,111.665084
410.418903,308,112.059537
247.769216,133,112.450121
248.725067,156,112.65696
206.834557,101,112.766637
294.319384,181,113.011787
247.609912,134,113.171034
265.957206,361,113.619435
320.210469,186,114.055769
254.502854,148,114.243153
330.345287,189,114.498148
238.021628,132,114.646797
360.097294,230,114.966517
419.171863,283,115.538769
243.486109,134,115.693577
275.439252,158,115.869743
92.162283,293,116.274789
241.899099,133,116.440582
243.585281,146,116.603926
324.296604,213,117.079473
340.851037,202,117.35178
247.157969,122,117.496472
232.667838,114,117.625263
305.496367,228,117.883384
330.85251,198,118.122487
350.056476,200,118.603943
265.284864,176,118.808539
290.575062,157,118.996736
264.564054,144,119.164408
195.838495,105,119.28699
313.03067,195,119.557303
338.162327,216,120.100182
339.053433,202,120.327697
631.808969,608,121.02743
452.362663,300,121.586078
272.376281,157,121.764569
513.431853,397,122.228721
348.012154,225,122.485301
205.895418,113,122.823221
282.215003,151,123.003919
294.162983,160,123.202608
252.715074,418,123.692671
339.528416,243,124.242513
334.366991,217,124.527601
62.854568,187,124.72687
301.870313,167,124.927846
229.077588,122,125.08397
548.711049,402,126.017621
323.374289,195,126.316027
209.233708,130,126.473844
103.029599,234,126.764201
61.270004,193,127.127401
277.642581,177,127.368007
210.795988,107,127.918746
221.553056,118,128.066556
364.329465,253,128.436912
277.668805,144,128.74264
315.468295,205,129.034112
22.828198,110,129.165208
247.634752,131,129.533306
219.841575,121,129.682296
299.177844,175,129.880254
272.317435,151,130.110672
184.082698,105,130.249449
224.315767,110,130.403066
235.887457,141,130.57607
52.200553,143,130.760884
412.425026,309,131.362322
213.837945,112,131.496507
404.189671,270,131.957846
311.614949,169,132.161361
217.37055,122,132.32444
228.345412,123,132.766806
187.384766,101,132.913195
253.366645,131,133.084167
476.10321,360,133.640471
219.746653,140,133.866845
365.323811,237,134.25458
252.562892,144,134.694166
356.43801,224,134.965485
66.843024,179,135.170589
215.419874,105,135.317655
244.674522,136,135.481306
340.182981,201,135.726427
158.24785,84,136.056693
164.208857,91,136.16279
407.582425,263,136.458271
200.921805,115,136.627376
246.275812,125,136.794682
282.932345,160,136.987051
392.674704,250,137.534668
318.428134,165,137.734988
235.544482,118,137.868742
268.160628,153,138.069768
281.124808,159,138.291686
383.470826,263,138.584102
329.166812,199,139.036474
210.476322,121,139.180888
153.330174,289,139.514629
404.155234,324,139.881155
397.29651,250,140.407835
371.843392,218,140.664509
224.819859,126,140.818074
358.655622,207,141.084323
365.700717,249,141.38696
373.086537,251,141.924157
364.39757,204,142.184953
220.905893,117,142.32044
323.48825,192,142.532092
225.571747,122,142.685191
194.555367,304,143.08286
281.571387,164,143.471683
323.129371,190,143.69759
282.222955,150,143.932507
372.238211,251,144.422032
494.497163,368,145.06705
218.880199,113,145.209954
292.57797,157,145.39836
448.527366,302,145.752747
404.750637,263,146.072098
221.838507,119,146.230235
386.832458,244,146.750047
416.85879,308,147.152027
335.681491,177,147.381538
339.799009,195,147.624209
327.263044,185,148.105188
202.428926,119,148.237817
289.715683,166,148.424116
248.506568,133,148.587534
321.94232,179,148.819732
280.602233,150,149.033626
272.485188,147,149.232743
277.409153,150,149.617344
308.28745,169,149.801505
378.006576,223,150.064153
270.009295,154,150.271741
299.099821,172,150.484332
228.325553,122,150.621121
213.592993,117,150.988971
216.46972,281,151.318526
293.490146,170,151.540282
324.644873,161,151.734989
179.631865,95,151.84616
316.010732,169,152.069796
315.683217,192,152.49757
259.444432,124,152.6339
338.051521,182,152.859051
384.215844,213,153.114444
432.992822,292,153.456821
281.082314,141,153.621127
217.497193,115,153.993148
262.473674,140,154.163436
251.303459,143,154.333435
279.672209,147,154.498937
209.116859,356,154.906296
258.227447,127,155.049288
282.143921,187,155.522296
245.546392,122,155.66606
247.706759,149,155.830269
260.747435,141,156.056039
247.114266,146,156.240943
426.54685,272,156.564459
263.863436,143,157.042717
242.317732,120,157.185856
183.739485,93,157.307736
234.859307,128,157.456997
255.048169,139,157.6231
324.298627,175,157.841395
230.739614,145,158.027017
305.128968,168,158.47155
53.190328,171,158.663133
200.007603,334,159.064525
251.170351,145,159.241972
290.154339,166,159.432792
160.074821,88,159.531113
328.348209,184,159.954463
432.059863,229,160.251749
396.352882,242,160.543884
271.199409,138,160.696304
287.272659,170,160.882312
333.303153,188,161.334666
354.281953,191,161.572729
384.46834,196,161.815064
344.39731,198,162.05471
321.357519,165,162.242685
326.831881,151,162.460582
213.789409,136,162.83564
155.7328,94,162.957405
222.283792,119,163.094313
272.695953,142,163.268878
300.256341,149,163.438345
272.183975,156,163.619839
331.269124,178,163.845354
389.511639,279,164.401169
327.763486,186,164.620852
452.896816,316,165.008616
235.968159,128,165.193859
278.440565,139,165.377852
380.032642,244,165.859505
215.59148,119,166.002719
346.099162,198,166.244173
372.070058,208,166.49761
212.453495,124,166.633681
276.712318,154,166.799691
299.458313,167,167.20323
427.366298,289,167.629633
331.228172,187,167.848115
343.161081,178,168.06676
271.20859,145,168.380695
229.222486,118,168.738643
341.204961,189,168.999991
298.857713,160,169.28091
226.117859,106,169.523452
352.204142,184,169.795113
364.681638,198,170.076229
279.652193,169,170.306626
338.729191,209,170.827397
257.468691,127,170.995313
331.647694,187,171.265079
293.732227,165,171.514297
285.669642,145,171.748067
283.356466,150,171.945633
401.847583,236,172.629687
317.7768,176,172.876229
281.729679,150,173.145294
285.822944,167,173.414894
77.756281,181,173.683423
273.718192,160,174.315725
434.269738,297,174.773767
367.157388,195,175.095741
290.691061,150,175.333401
166.889283,94,175.464647
321.303514,178,175.724688
349.678571,199,176.276125
228.551007,113,176.418826
349.227695,239,176.712082
381.952517,215,176.988073
364.911905,241,177.281036
390.549293,225,177.749993
411.214479,224,178.071541
286.623775,154,178.270118
355.273664,197,178.497176
358.274212,185,178.723299
404.18583,202,179.202112
231.843393,111,179.350667
319.282429,154,179.546064
302.955495,163,179.721793
297.83059,151,179.899933
320.936305,161,180.10726
288.686427,156,180.284964
331.773559,174,180.694473
355.332996,198,180.924947
448.785038,243,181.193042
427.22994,276,181.499439
419.651377,228,182.059811
378.0544,201,182.367458
276.250561,130,182.553311
240.043716,124,182.775086
234.345091,365,183.349239
431.342384,256,183.9658
73.946416,192,184.212713
435.494,222,184.51635
325.104275,161,184.765043
393.590579,210,185.069642
317.952345,160,185.300845
321.09514,147,185.729606
280.345085,145,185.941728
498.481156,325,186.522153
404.958869,239,186.848333
338.52417,210,187.468366
322.007322,169,187.723027
309.807453,139,187.955055
355.691693,196,188.247257
331.723878,173,188.498361
375.85255,200,188.776665
427.371239,320,189.548447
329.274973,163,189.802248
286.642913,139,190.052328
423.64615,221,190.406345
328.653839,176,190.646717
305.179559,152,191.105782
353.736508,184,191.357575
297.656358,141,191.552297
410.745,242,191.879541
313.438196,162,192.112681
335.194289,159,192.362684
337.283854,173,192.829616
293.164615,147,193.031198
329.973543,161,193.267305
334.461752,178,193.510319
365.216216,182,193.772965
406.434031,260,194.142226
310.067424,159,194.580905
348.945461,180,194.835227
316.85257,149,195.047432
374.071264,203,195.354932
329.158349,162,195.593061
336.418806,175,195.831485
395.632096,208,196.409929
339.474397,176,196.679374
348.10167,178,196.954228
269.281613,132,197.150688
416.018136,248,197.535574
387.520858,204,198.066563
314.733193,154,198.322437
359.029333,180,198.590479
361.38499,197,198.868759
311.193508,144,199.068929
309.008597,161,199.315542
354.304744,188,199.833666
338.697939,182,200.092891
423.314701,199,200.361385
336.495337,175,200.615205
361.211982,174,200.875511
302.063322,152,201.123997
323.363115,180,201.669474
401.989134,202,201.979231
375.114937,215,202.322979
390.557942,178,202.589335
290.339776,157,202.818442
366.752406,180,203.328677
347.075407,170,203.557355
268.784413,132,203.766497
321.37023,149,204.011691
367.559915,188,204.26161
372.767709,190,204.603361
237.850722,111,204.781678
382.332541,200,205.326421
451.60275,260,205.705348
354.526118,177,205.944284
409.502397,191,206.244751
386.423036,227,206.597842
444.2743,253,207.236396
344.524429,156,207.475978
414.63097,228,207.819465
374.210002,196,208.150192
379.726043,164,208.386896
348.227765,157,208.945906
343.696222,168,209.179705
356.718741,216,209.502672
337.326518,156,209.733125
322.974733,158,209.963103
361.854011,172,210.20393
403.83561,216,210.836998
512.689518,349,211.388231
251.47807,135,211.575775
419.392696,215,211.875102
380.031376,187,212.36667
410.192122,200,212.647875
351.102877,188,212.971546
339.625655,171,213.212587
313.612081,143,213.455352
536.312561,324,214.223816
444.688328,215,214.516961
400.767848,192,214.822248
326.691192,159,215.056494
418.032714,197,215.35381
348.822384,182,215.678073
364.554785,184,216.157216
385.494305,178,216.47821
339.587079,149,216.712853
413.560252,212,217.059878
382.034256,193,217.393303
369.146684,186,217.9022
399.187943,193,218.21821
379.514514,181,218.517701
470.937092,254,218.89569
416.651177,230,219.270179
293.842259,133,219.725488
316.703208,156,220.024233
473.551432,270,220.422307
416.277641,247,220.778012
403.996014,225,221.110488
345.404834,161,221.572811
335.921445,154,221.80504
427.642788,219,222.118936
350.0208,160,222.415036
62.78332,176,222.711485
416.62022,205,223.062804
385.1036,197,223.605978
362.987701,195,223.877901
340.584316,171,224.148503
374.987161,199,224.451455
288.97728,138,224.651313
332.538445,151,224.87359
425.589441,212,225.424474
379.509757,190,225.744481
284.177814,133,225.991627
316.136324,141,226.185787
104.354059,213,226.497541
402.020902,202,227.02983
477.042611,281,227.465807
408.160818,194,227.848368
319.46914,146,228.09435
367.558892,186,228.433128
414.83975,232,229.128012
364.536254,163,229.378218
383.065714,185,229.64579
254.638201,126,229.807525
332.898823,151,230.040686
285.192865,125,230.218968
363.78714,188,230.517724
302.667383,140,230.961503
283.961659,143,231.145296
398.243053,192,231.431708
385.247564,158,231.645767
323.907891,159,231.956358
378.469742,191,232.260865
415.857252,202,232.792379
392.35291,198,233.090474
383.828359,182,233.390845
420.808797,224,233.719345
397.636821,180,233.982353
297.9099,140,234.407713
386.753666,184,234.657906
357.605033,164,234.955838
472.708965,238,235.495849
345.661232,146,235.760796
453.554206,247,236.373082
291.902801,142,237.066149
277.93202,127,237.25112
362.540373,163,237.540858
372.692232,187,237.922519
328.340264,145,238.179576
358.1334,148,238.539858
321.976821,149,239.788787
306.999272,144,240.183737
391.774042,171,240.52401
396.97706,188,241.04971
324.64866,156,241.476225
395.277944,182,241.843777
477.237289,232,242.562767
365.994943,171,242.831718
368.566638,191,243.160787
86.116971,204,243.534347
318.821876,142,243.735481
311.811645,155,243.980308
452.323915,228,244.523576
54.4587,172,244.846102
382.055014,184,245.124838
366.263318,166,245.473228
429.971241,209,245.804466
394.497419,172,246.41287
365.515272,170,247.278435
288.694761,122,247.509565
368.950152,164,247.767541
286.607959,144,247.996566
386.579017,168,248.29519
134.371692,240,248.716212
347.558431,191,249.286838
310.64107,128,249.457887
386.21298,187,249.827577
459.847563,230,250.312002
419.485619,187,250.614377
375.644095,183,251.397319
421.551494,213,251.942466
265.099919,131,252.232127
294.963005,132,252.425673
348.844686,166,252.658731
423.377437,205,253.127026
405.671441,189,253.685649
357.319965,165,253.975546
378.85123,184,254.301749
316.65952,175,254.574729
327.222073,160,254.877721
401.368594,197,255.172788
368.945212,171,255.646441
277.906233,153,255.848736
385.777749,192,256.118535
334.888269,151,256.335479
302.509916,132,256.529587
560.711799,345,257.291469
343.509025,157,257.575815
262.182204,115,257.732827
310.158398,152,257.991164
361.677819,169,258.242947
310.27266,128,258.42832
387.354634,165,258.668582
419.743914,220,259.205111
239.70591,106,259.358686
362.142098,164,259.57697
603.755514,381,260.129637
348.225364,150,260.356335
426.592147,212,260.919943
560.683992,322,261.648589
380.862778,178,261.950205
365.495059,164,262.208116
425.771762,226,262.506631
311.381484,138,262.976331
385.094644,163,263.293255
299.68586,132,263.736394
404.586321,193,264.027547
371.487155,167,264.515418
311.488375,143,264.779178
383.782081,168,265.505074
362.657441,153,265.794831
469.798951,236,266.320185
370.207704,166,266.682979
379.569898,165,266.971361
339.170129,152,267.219826
320.976411,134,267.666743
424.210364,185,267.940482
398.665,170,268.220512
329.469852,138,268.436007
348.730019,160,268.718194
375.498177,162,269.029142
339.631489,140,269.21561
362.506387,159,269.683755
307.032646,160,269.887657
427.107735,199,270.18894
333.081949,153,270.419724
353.738836,163,270.655094
277.28364,122,270.81648
296.46409,127,271.252296
421.758731,216,271.595342
364.081979,168,271.92014
395.763349,195,272.264815
475.917746,252,272.644635
295.830227,135,272.855991
315.736265,146,273.375784
378.784807,164,273.6316
326.9909,155,273.865141
396.419744,175,274.151096
416.820543,194,274.432811
428.872783,195,274.732777
355.995845,166,275.364425
362.154173,165,275.659495
385.79781,164,275.918602
337.838774,144,276.11687
356.361559,139,276.350963
399.658523,188,276.619135
291.857894,126,277.039312
341.088929,140,277.240684
300.994655,126,277.45614
452.700952,209,277.779419
423.792931,187,278.106216
333.796847,142,278.345449
394.851406,171,279.047408
396.469787,176,279.353564
356.563064,144,279.579999
447.5827,215,279.92795
361.061175,161,280.180975
351.556887,143,280.412717
281.007177,128,280.668633
418.119019,194,281.221366
363.097258,156,281.461827
306.329813,132,281.717358
322.961287,154,281.991742
383.746589,178,282.29849
380.180283,206,282.664492
421.063152,206,283.28329
335.881767,137,283.483326
397.08518,164,283.725683
366.697813,151,283.931061
317.671399,133,284.138316
410.185459,183,284.446398
390.317959,172,284.922217
397.102618,165,285.230094
432.757985,191,285.50158
454.348086,204,285.806311
391.013536,167,286.076011
361.002884,161,286.372672
404.281695,174,286.833685
366.780926,162,287.073833
426.876213,191,287.462176
401.537485,171,287.856574
481.340913,217,288.345201
215.530383,101,288.562818
379.449191,137,289.344181
370.740445,148,289.728023
350.375198,137,290.079004
197.805805,101,290.348497
310.749381,132,290.680905
344.729615,148,291.014579
399.373158,200,291.492469
415.40259,179,292.288126
441.061615,194,292.751283
412.438698,174,293.076692
348.23223,148,293.351574
365.088839,144,293.617317
386.859288,174,293.905094
286.35632,115,294.395708
393.547982,174,294.633588
397.157827,175,294.884162
343.515683,160,295.210717
425.195564,178,295.460756
438.037977,186,295.751711
439.158262,178,296.272682
301.371203,120,296.429368
389.860543,175,296.692617
357.847404,155,296.939891
322.003235,137,297.221662
347.179608,138,297.467699
390.393023,167,297.744264
374.150488,174,298.313556
364.600652,150,298.635394
368.513964,166,298.960254
312.554342,134,299.159432
383.2909,162,299.381242
372.927076,164,299.617681
369.587519,172,300.370085
374.989335,178,300.67957
353.530121,147,300.901037
388.196478,178,301.149492
426.118326,197,301.448139
381.343041,152,301.780193
380.518539,157,302.069291
355.99633,147,302.739234
304.31798,133,302.92376
364.486863,153,303.164061
383.111559,168,303.435789
408.429464,199,303.818405
424.440765,204,304.179073
459.365222,237,304.750004
319.959248,129,304.938045
379.067066,164,305.173239
296.815951,127,305.351469
355.676251,151,305.584434
498.354984,214,305.89977
347.834324,143,306.323075
373.951728,166,306.541932
340.232515,142,306.788277
257.705163,108,306.977888
339.209057,144,307.199579
411.831313,164,307.445452
323.399128,149,307.666627
282.280254,121,308.084056
307.637483,128,308.295408
339.631897,138,308.500607
394.706581,180,308.738601
251.461981,104,308.885497
331.971997,144,309.090436
457.620655,183,309.366867
303.709746,118,309.824169
386.176284,140,310.052443
381.690502,173,310.324922
358.62953,151,310.564898
413.359001,185,310.848578
391.642202,176,311.157162
338.020391,138,311.346794
309.896741,129,311.748629
376.361939,153,311.977662
364.914988,154,312.188775
401.158409,205,312.53686
256.308397,109,312.691985
413.447176,165,312.915026
329.139582,136,313.442461
372.811002,173,313.7148
485.349548,237,314.072803
367.194612,143,314.317748
348.553324,146,314.508993
471.521328,225,314.807593
415.493864,170,315.346035
369.51368,144,315.54958
247.544578,107,315.715711
388.200001,157,315.956892
453.854617,209,316.239323
308.864896,145,316.530622
469.866295,209,317.158582
317.901321,128,317.348722
416.873415,194,317.673512
325.057935,125,317.832135
318.747825,135,318.031071
381.182572,159,318.248011
438.72596,195,318.597381
456.558544,201,319.134896
345.106398,152,319.353383
397.183144,157,319.809122
453.805822,194,320.394903
395.495141,163,320.659485
405.452188,163,320.88298
394.293993,174,321.434002
368.95105,147,321.677689
308.215478,125,322.033441
377.331201,165,322.570224
407.946284,188,323.043225
383.701477,145,323.372252
346.398099,166,324.204438
320.321182,132,324.433593
140.888336,73,324.552378
506.27334,215,325.081788
425.311216,181,325.397003
445.948114,178,325.714265
381.186625,169,326.053631
354.748741,149,326.581037
413.589343,190,326.872813
421.098781,188,327.299576
367.756153,144,327.517073
377.769988,147,327.714324
402.583543,146,327.963291
319.556829,131,328.516335
410.09335,172,328.834232
346.806363,167,329.109542
425.606087,169,329.373497
420.526891,165,329.69244
290.900108,117,329.912757
383.790845,156,330.209995
407.255641,152,330.929621
411.888057,170,331.183153
335.967732,154,331.743539
391.450215,150,332.131543
391.849309,149,332.35819
518.304603,273,332.882436
380.884362,156,333.522773
260.403659,119,333.82552
473.185105,215,334.238812
464.277914,206,334.692216
410.784782,165,334.97795
298.554846,140,335.258392
424.264243,168,335.859027
314.11122,127,336.094438
452.87167,176,336.41767
340.24657,142,336.679891
418.824479,166,337.072431
311.38868,125,337.368475
402.66437,165,337.613747
402.592465,159,338.193926
404.770755,163,338.515752
394.957977,157,338.737139
421.646874,161,339.09929
457.267648,178,339.498405
389.563484,176,339.759412
355.181372,146,340.301243
318.363646,131,340.504649
364.255703,146,340.830453
473.206714,215,341.362839
416.367287,177,341.749574
386.084189,149,342.044542
387.758331,157,343.007818
409.38739,151,343.231001
359.688916,156,343.529956
454.126429,159,343.874498
355.29225,134,344.102984
362.786899,142,344.310341
285.461951,123,344.716576
369.206661,156,345.222391
429.449184,167,345.574068
461.907224,189,345.855095
462.799072,190,346.129956
310.574059,126,346.307
429.135818,169,346.545248
336.90346,140,347.059216
362.776021,132,347.252659
403.851633,177,347.502889
389.423552,153,347.716027
378.43281,149,348.006547
468.133744,222,348.521564
406.624815,153,348.737386
377.021239,170,349.354772
458.061844,193,349.623144
414.840836,178,350.004299
377.473704,160,350.267801
502.695862,243,350.611398
406.439864,174,351.092942
465.436681,186,351.324689
338.740594,148,351.564235
437.401029,171,351.840907
472.630753,213,352.158599
412.660908,154,352.425291
385.459366,152,352.92398
444.352628,188,353.212029
423.166933,172,353.473338
372.416345,168,353.708849
368.204311,150,353.912979
381.283096,145,354.142329
413.348952,163,354.65182
448.083276,187,354.949661
294.6883,128,355.119721
494.146887,211,355.442542
430.208064,155,355.660673
468.717693,166,355.907515
329.853204,142,356.349064
374.13514,147,356.53701
401.191667,162,356.757875
444.911576,175,356.994909
419.97131,159,357.277471
428.81322,177,357.575734
390.92801,154,357.807004
350.153829,139,358.309922
445.192732,163,358.549899
375.281939,141,358.767354
470.60398,184,359.049978
415.393548,164,359.32299
434.009475,177,359.56031
385.184963,152,360.014704
380.292944,150,360.258465
430.875717,161,360.471481
390.525405,162,360.69606
416.000073,170,360.965492
343.615196,135,361.177121
343.456527,143,361.378431
374.073145,150,361.904392
364.784536,139,362.089007
453.097345,197,362.398687
252.12298,109,362.551376
406.608721,168,362.776868
380.119087,158,363.018497
348.602635,132,363.216295
530.847435,197,363.737538
408.868882,169,363.986367
495.032941,198,364.324978
425.201273,178,364.58002
417.260268,164,364.81497
446.654888,162,365.277732
423.621486,160,365.495888
458.123388,168,365.745273
435.33942,159,365.997063
377.0965,146,366.189169
370.555328,140,366.364318
405.409552,156,366.581874
422.576023,161,367.145915
311.935057,124,367.343975
434.691692,183,367.633714
353.024787,134,367.924061
488.886633,207,368.205513
338.673254,139,368.405775
383.937028,149,368.692164
386.601542,166,369.149676
421.481522,157,369.366132
397.677475,150,369.576972
396.837841,157,369.789977
412.337875,167,370.054674
315.455874,129,370.226905
433.011717,173,370.68462
319.414929,129,370.889585
357.136882,136,371.112701
341.192421,137,371.304724
400.194217,162,371.533176
405.711533,146,371.739858
355.423995,141,371.944016
346.789338,132,372.374926
425.086214,177,372.610931
344.021738,134,372.777626
248.803863,110,372.948717
442.368377,156,373.161885
423.689447,158,373.372752
355.478049,478,374.383893
531.497234,230,374.727702
436.674806,174,374.958816
394.42039,151,375.148204
497.014145,256,375.701422
311.298686,144,375.924164
376.150181,184,376.169652
412.007951,159,376.375051
388.582493,158,376.591308
438.350887,150,376.78825
511.641711,200,377.057382
456.437211,191,377.645226
401.463377,157,377.850627
492.064648,188,378.102005
503.111899,230,378.422202
392.34219,144,378.611717
280.91078,125,378.785445
399.287488,150,379.264703
429.598076,184,379.512297
454.470933,163,379.725603
431.005583,173,380.006939
430.561425,152,380.226257
382.673873,142,380.427333
471.948326,183,380.881245
362.536157,135,381.073761
408.388768,175,381.320824
407.697857,176,381.551922
488.525888,189,381.808755
339.154192,137,381.987105
394.466562,151,382.434406
378.083757,141,382.61071
407.035618,149,382.806586
318.934241,129,383.027489
450.186103,174,383.293923
418.515671,148,383.487351
398.68779,150,383.697234
364.843316,158,384.149413
382.22142,158,384.370951
349.290842,133,384.558889
326.859626,130,384.726273
429.550655,168,384.979978
471.148942,199,385.25574
453.307122,189,385.741204
458.203084,181,386.01111
304.145614,126,386.187171
459.832606,162,386.435511
425.299668,149,386.628999
413.524078,179,386.887002
419.089363,167,387.120129
231.415918,106,387.490893
297.693332,126,387.651841
352.094306,138,387.841318
435.905344,176,388.134886
449.39272,162,388.340709
509.961745,193,388.611109
359.055887,138,388.811541
376.941789,141,389.282515
354.798928,144,389.491003
446.997739,172,389.733721
435.901831,165,389.994003
460.367476,196,390.27581
428.715142,161,390.512733
422.897532,177,390.98988
392.091472,155,391.185889
429.474723,155,391.395722
404.89865,164,391.622633
431.340771,165,391.836098
469.527274,192,392.15852
485.763557,182,392.626574
315.595387,133,392.81384
302.186815,118,392.982542
436.604393,174,393.228783
331.179701,132,393.418783
490.887712,179,393.664427
380.787573,153,393.881528
397.558333,148,394.328903
514.865489,176,394.570621
504.414016,188,394.825371
377.417213,143,395.070649
480.492732,167,395.479755
504.701971,177,395.812186
420.26267,186,396.629881
415.45135,167,396.851964
505.262306,227,397.213096
336.083688,137,397.503086
344.379021,141,397.806879
491.435859,173,398.218016
449.437301,185,399.057901
423.147841,155,399.437064
375.368299,154,399.741775
459.146023,186,400.031179
398.170573,163,400.254932
409.345701,186,400.53806
314.117487,133,401.119302
389.417656,152,401.334864
512.347233,199,401.605254
425.835027,169,401.845309
453.393361,184,402.115776
324.438029,133,402.31494
429.609955,166,402.805857
445.818117,181,403.110701
374.669417,170,403.395789
374.891667,146,403.706118
351.308177,146,403.957707
337.809198,143,404.173416
446.404592,194,404.709534
459.986941,187,405.012634
524.238291,182,405.283475
485.749336,196,405.563401
492.003461,170,405.815062
545.49857,206,406.117362
464.054835,178,406.670543
457.328308,157,406.915231
560.478616,216,407.232001
384.588449,151,407.440116
449.731519,167,407.654928
445.198027,181,407.949626
407.685567,150,408.410232
393.224675,145,408.621945
468.785654,165,408.837923
368.364091,140,409.020968
529.623503,213,409.3411
480.628043,203,409.692934
354.863916,141,410.17594
432.158071,179,410.425239
337.079591,133,410.5929
374.516676,143,410.842663
419.117592,178,411.101866
473.004081,169,411.403478
394.45008,146,411.904017
414.092917,165,412.164646
474.520191,173,412.425104
347.663047,137,412.769609
476.331257,161,413.255453
439.598003,176,413.562746
478.849546,182,413.843317
536.940237,229,414.419726
317.001588,125,414.641655
380.135471,144,414.832845
464.429398,175,415.123751
253.660993,112,415.279573
445.792345,191,415.536382
362.533537,141,415.979377
439.073103,159,416.221894
474.643511,173,416.511995
489.723703,175,416.832168
356.516127,144,417.019609
455.163558,167,417.256874
381.073618,147,417.725969
408.079715,163,417.971129
392.689065,164,418.229315
397.132296,146,418.462003
484.473673,180,418.713285
330.115611,133,418.893802
347.794107,127,419.114752
437.30872,160,419.598544
417.997174,152,419.848459
443.90085,161,420.153284
402.493634,145,420.356526
420.449753,150,420.574465
393.808458,147,420.812295
411.772879,144,420.994416
474.202659,184,421.471153
482.18301,186,421.743744
420.324938,160,422.007477
460.340298,169,422.253827
475.228596,174,422.490509
466.986916,169,422.720765
463.26662,179,423.33951
456.179829,168,423.595345
482.985047,189,423.843315
422.994392,163,424.094804
506.119539,186,424.382866
388.607568,158,424.588242
456.965222,167,425.097132
432.184524,162,425.323256
352.05892,166,425.536663
460.978287,175,425.758267
402.585693,144,425.96544
416.1763,152,426.259518
404.316241,149,426.756214
414.915212,163,427.017757
401.735456,145,427.206189
504.857266,188,427.456713
368.057306,149,427.693718
492.351266,193,427.972392
438.640942,155,428.460909
475.838401,163,428.678136
452.505943,178,428.940756
524.63655,185,429.250253
418.653306,147,429.490617
451.782768,161,429.746645
421.368387,147,430.210894
436.040126,151,430.427611
468.938971,177,430.675788
501.778317,172,430.916815
377.79251,137,431.091895
497.243439,180,431.331202
503.990259,197,431.622234
496.409096,175,432.116052
351.684562,139,432.323586
374.130721,147,432.524473
436.83102,178,432.801135
387.412315,146,433.030321
495.445265,182,433.331956
456.095915,159,433.814521
508.387962,182,434.065705
517.662622,219,434.366511
422.736507,158,434.571107
453.833745,158,434.795061
432.687949,154,435.073202
451.969326,165,435.593302
407.764073,173,435.814338
442.662288,161,436.114675
357.417012,150,436.369732
496.729961,180,436.647228
475.478172,187,436.922403
456.738928,167,437.369851
436.594341,154,437.629191
452.603979,153,437.833852
488.674815,178,438.151893
446.971866,158,438.397315
525.471504,199,438.674095
544.709019,216,439.192275
422.804808,151,439.495482
372.134675,131,439.733232
441.228343,161,440.004796
542.745475,230,440.324241
335.793208,129,440.495126
515.919444,211,441.07849
423.810166,151,441.402874
633.2304,286,441.817557
408.687417,155,442.098877
480.358223,175,442.352191
565.893484,237,443.022799
515.009476,201,443.327545
525.431269,211,443.600126
463.397018,163,443.816886
363.095679,135,444.019977
481.443,172,444.290198
443.581501,162,444.793675
467.208693,170,445.064145
481.982013,170,445.288351
515.715952,184,445.562266
415.718702,164,445.780954
506.759498,194,446.066623
388.71391,139,446.52288
547.477213,188,446.815825
385.955219,149,447.046029
532.899199,211,447.361613
498.563461,183,447.610993
488.742606,181,448.096485
471.973635,165,448.347639
512.243363,169,448.658377
511.784402,200,448.956439
519.059017,191,449.284754
386.36085,144,449.496196
481.040726,173,450.028003
607.442374,216,450.353632
409.426917,144,450.550441
444.368957,155,450.770056
403.366285,150,450.982739
343.085815,138,451.167042
393.919156,150,451.447407
511.188254,184,451.963185
463.135654,157,452.174527
403.256482,144,452.417216
478.261417,178,452.777135
455.846877,166,453.049129
419.152689,153,453.306697
438.151896,159,453.774534
494.161496,189,454.040496
432.206089,162,454.274064
350.542038,134,454.472591
484.848055,182,454.738739
415.706401,147,454.971162
427.131161,153,455.413921
385.872064,141,455.706005
628.065699,322,456.204954
473.431543,159,456.443226
321.637519,128,456.663799
515.867052,198,456.944839
665.64522,215,457.491352
560.467465,182,457.720682
443.865508,149,457.91482
460.58115,159,458.144807
524.184594,197,458.442227
524.537138,193,459.005238
474.655787,175,459.305941
456.602919,163,459.522729
501.215097,177,459.779387
380.321172,142,460.005645
350.26772,140,460.206661
437.526373,152,460.404628
415.860207,156,460.878721
457.292559,162,461.113228
415.432282,161,461.345512
428.434347,155,461.649445
444.822841,148,461.864438
424.654915,158,462.131049
535.175731,191,462.652544
491.011082,186,462.922524
452.207706,156,463.154653
502.956112,202,463.47861
525.18656,199,463.761496
503.115857,176,464.02915
489.830443,179,464.549869
590.041598,233,464.89504
505.943966,174,465.175415
504.289662,183,465.450856
431.468507,161,465.705764
486.020836,190,466.244362
430.531916,156,466.450197
419.658133,164,466.704888
557.99579,179,466.966854
529.910284,185,467.230355
470.361446,167,467.489484
499.836594,169,467.951967
429.143255,158,468.167326
592.791195,209,468.490321
608.347489,220,468.852153
371.513008,137,469.086733
309.526137,128,469.262146
466.810142,159,469.709476
447.922913,167,469.945405
397.911567,150,470.183507
439.47587,163,470.432838
409.568568,143,470.626948
475.075107,163,470.831759
486.557454,166,471.083549
508.550999,165,471.560226
562.458561,210,471.871785
380.492699,143,472.113565
493.955707,178,472.407634
423.356859,149,472.605123
367.652992,129,472.772454
547.9057,190,473.353844
354.573742,134,473.542022
411.236046,146,473.737281
465.267773,173,474.016558
427.835178,156,474.246014
481.858655,165,474.521945
481.13246,202,475.163355
473.848185,165,475.481126
360.350621,136,475.682524
406.468223,154,475.925929
588.362917,197,476.255478
478.370528,168,476.504844
456.339071,155,476.762169
533.319628,186,477.394384
517.607495,181,477.713442
493.634981,165,478.068443
522.537584,166,478.455307
529.16905,188,478.844224
454.98333,163,479.393543
489.032054,178,479.682024
559.937213,205,479.96976
507.111166,203,480.255048
490.487745,160,480.505134
505.223905,172,480.739095
516.971829,177,481.23391
486.020985,182,481.484667
397.453732,147,481.676813
541.518392,184,481.96164
520.046217,192,482.301851
571.213495,184,482.639968
429.259089,159,483.109789
537.314226,212,483.419208
482.402938,164,483.659328
497.997888,177,483.960876
449.303923,162,484.185069
520.009305,171,484.399011
582.593097,207,484.915534
506.387733,177,485.148577
467.863758,165,485.399987
388.560856,136,485.693858
428.927199,154,485.935219
472.570643,168,486.176004
509.374287,171,486.641583
474.022321,170,486.896115
482.4212,167,487.161409
479.782967,173,487.430792
516.470993,189,487.683412
612.829727,224,488.281972
314.634909,125,488.478765
523.757793,173,488.718372
507.911453,177,489.040592
479.212009,162,489.298154
493.456968,167,489.544784
506.749516,180,489.800003
360.349193,135,490.253575
510.907513,206,490.567841
454.647234,160,490.791028
447.686408,149,491.089902
584.049934,194,491.363027
457.149374,162,491.582159
571.550982,209,492.194693
439.873304,165,492.472831
476.791372,165,492.712527
349.800857,127,492.886325
498.021862,170,493.137305
520.876402,199,493.436163
405.880361,143,493.919896
507.405621,169,494.195686
536.035216,179,494.434427
447.355218,156,494.642912
409.097307,157,494.845103
325.088401,129,495.033076
417.123924,151,495.586321
530.653276,179,495.877455
608.86957,207,496.16751
447.05008,174,496.41726
407.278536,166,496.629703
428.317817,170,496.874239
398.374824,144,497.360304
491.234683,170,497.649638
457.013455,162,497.856922
501.199298,169,498.09228
522.931279,183,498.367996
531.061631,169,498.645782
488.583367,179,499.226118
559.87786,200,499.492805
457.829441,167,499.724582
503.164085,175,499.99236
365.322775,136,500.187915
517.276035,176,500.516824
364.082577,142,500.996915
483.105354,205,501.363585
451.970693,165,501.607983
547.553713,205,501.88088
486.228594,163,502.096716
442.343953,162,502.383247
547.445698,200,502.952672
481.298531,161,503.177067
430.572982,159,503.404276
547.492105,201,503.678237
554.612162,178,503.981611
630.876875,225,504.620689
445.646154,162,504.840534
506.31967,180,505.089133
342.917152,137,505.284985
424.732878,150,505.551575
426.58943,152,505.821281
448.377501,159,506.033215
506.463851,176,506.505026
644.364099,211,506.798506
627.18224,253,507.358342
457.196244,162,507.731037
496.505629,172,508.077115
477.975229,160,508.747889
493.076888,174,509.149414
492.540681,163,509.716482
545.153374,183,510.124805
577.523481,202,510.660022
492.233523,174,510.879512
441.29491,156,511.647244
487.907642,182,512.199772
521.549356,178,512.514731
518.115877,183,512.827349
501.244706,182,513.378868
447.58299,154,513.785509
445.399405,158,514.460897
512.671258,173,515.252224
537.289557,182,515.672398
445.027227,158,516.252485
520.239598,183,516.687136
507.007846,173,517.175318
488.888792,171,517.743696
319.433786,133,518.013608
573.374155,199,518.367345
487.900265,184,518.717704
620.835252,223,519.127524
563.123507,188,519.421554
424.773746,155,520.041609
494.333914,168,520.295131
625.844716,195,520.569591
494.652218,177,520.81482
472.408953,158,521.033075
456.938698,158,521.257961
636.396225,196,521.967054
502.229933,165,522.37924
533.193425,181,522.678995
671.644043,207,523.011127
590.67639,203,523.411046
587.545892,187,524.051753
525.942538,176,524.298492
422.616173,149,524.521022
586.06687,189,524.788491
558.736868,182,525.056599
546.04686,188,525.362671
755.350805,248,525.987669
587.134105,187,526.241815
645.460125,198,526.535895
535.66241,175,526.83963
498.73232,170,527.174192
714.709553,252,527.756479
557.480413,181,528.030743
559.441227,185,528.31174
612.998566,215,528.604932
569.941833,208,528.889844
581.78935,193,529.46151
492.608823,170,529.713344
516.261563,173,529.945525
528.582137,173,530.2503
539.265808,171,530.526233
629.637055,196,530.880802
661.766386,203,531.526756
253.326794,105,531.682139
569.195368,183,531.918303
492.734654,168,532.154847
525.142387,172,532.411429
602.501347,200,532.71414
573.267748,193,533.398322
511.826413,176,533.662574
574.211944,182,533.932107
562.720756,192,534.260792
506.829013,171,534.529073
565.233359,180,535.253226
548.951833,182,535.602859
478.629034,168,536.0144
466.340919,155,536.322385
457.830896,153,536.537158
578.454403,214,536.961145
554.470537,177,537.557044
640.934771,200,537.868248
498.021018,167,538.231307
499.934071,171,538.635616
508.372411,168,538.958856
371.380991,141,539.16965
625.446893,225,539.936439
477.998539,167,540.32023
635.082694,196,540.74658
405.373793,150,541.027381
667.628204,215,541.577709
562.693424,174,542.216487
648.251101,218,542.584963
552.732599,191,542.841229
709.601218,248,543.379441
542.617902,175,543.684746
669.254422,209,544.277196
417.251936,155,544.498219
471.887443,167,544.731149
691.023091,214,545.026706
635.386009,195,545.373613
640.627703,199,545.846931
696.782686,217,546.75352
624.655078,207,547.084757
572.039056,182,547.48723
575.113334,187,547.991927
521.673616,169,548.216917
553.435048,181,548.760644
456.380306,158,549.040077
560.285498,184,549.326655
751.88683,231,549.74084
695.994727,214,550.112249
506.943814,170,550.483859
594.020893,193,551.06307
495.781763,167,551.320203
590.305216,188,551.742201
566.472892,188,552.243161
644.937027,195,552.685434
550.736668,224,553.328638
455.314012,168,553.566338
503.695422,171,553.817928
644.012341,198,554.138737
662.328222,207,554.512997
558.343023,185,555.002225
672.571675,287,555.40165
579.087359,191,555.723647
531.925677,178,556.00753
652.994874,207,556.293302
688.772871,204,556.806179
484.674881,161,557.136281
719.419931,229,557.610484
496.732506,163,557.852984
783.936368,248,558.216694
529.278432,184,558.720932
703.341563,255,559.121727
540.583299,173,559.373269
553.120712,183,559.618982
565.536093,185,559.857639
571.809837,182,560.125043
657.907246,200,560.641128
603.700865,185,560.95251
656.479973,195,561.260157
535.142358,178,561.530135
567.318032,188,561.803491
710.426161,215,562.358596
618.376792,192,562.630756
584.249659,188,562.894361
563.999798,184,563.227052
596.051752,191,563.488839
593.443877,204,564.128778
636.485544,199,564.577915
535.363908,180,564.829875
706.401034,210,565.131144
644.289477,199,565.395687
602.94497,191,565.937482
724.221066,232,566.311684
558.732491,174,566.540015
522.499891,176,566.783201
544.620971,177,567.012276
558.537908,179,567.263861
757.53676,236,567.995025
588.685066,191,568.249413
691.411086,212,568.52029
653.365992,204,568.812805
532.684728,177,569.125888
732.850021,218,569.804931
643.409347,191,570.085956
578.878639,207,570.399645
442.748555,157,570.62155
756.737611,233,571.018711
602.787148,196,571.622982
629.474342,193,571.903921
672.529456,210,572.204619
607.684154,188,572.479761
664.416899,199,572.781353
692.382306,214,573.3076
577.265069,217,573.635901
610.156035,189,573.881707
696.793308,210,574.209931
770.680329,234,574.743826
572.71195,184,575.348488
601.03782,187,575.62423
391.805867,140,575.818683
653.805671,204,576.116374
657.176128,230,576.478162
477.121779,158,576.718104
684.165361,208,577.346768
632.436413,213,577.737206
400.553258,153,578.038046
572.212844,184,578.385613
854.225934,248,578.733021
612.672549,196,579.242123
507.706249,187,579.570199
718.184917,220,580.032367
674.818901,211,580.513605
387.875751,145,580.785594
654.943539,200,581.341547
725.177357,218,581.777702
704.714747,216,582.464821
542.339852,176,582.806962
649.105401,208,583.652407
523.094695,182,584.478253
589.20912,186,584.849258
649.692916,207,585.414094
711.560442,209,585.727773
537.316935,171,585.965379
529.631563,178,586.237833
650.679171,196,586.826108
413.610491,152,587.115823
674.556278,209,587.417162
632.263103,205,587.699479
677.715282,210,588.022317
623.188266,199,588.567513
579.370676,197,588.875694
728.522033,222,589.269753
634.845435,208,589.577976
721.551822,216,589.996233
667.093273,198,590.518802
540.314047,186,590.865286
498.547458,179,591.160294
710.900503,209,591.446586
608.191014,193,591.702605
493.703022,171,592.196123
542.934052,172,592.557451
531.977673,171,592.80301
583.091559,188,593.103758
559.172088,182,593.413495
526.328096,179,593.814576
776.317423,230,594.466153
731.992775,233,594.798749
546.150709,174,595.054218
761.746412,232,595.394301
755.275706,228,595.958141
616.574338,193,596.227247
690.079707,209,596.522162
726.578622,212,596.910655
651.572308,199,597.18504
670.020973,203,597.69037
565.655744,184,597.995277
614.017992,207,598.286701
664.397459,207,598.594342
577.830037,190,598.854938
638.563179,198,599.167733
491.256843,169,599.670261
705.239953,212,600.059741
481.555218,168,600.36672
659.890763,203,600.703498
706.594612,232,601.115308
593.528146,186,601.67007
675.172363,202,601.938943
693.452716,225,602.26486
760.342411,236,602.605614
596.170012,187,602.908562
599.601642,187,603.407412
573.080895,181,603.695837
567.818118,206,604.039682
720.327658,214,604.344374
647.377196,210,604.660183
658.937136,225,605.252897
619.153025,195,605.556669
620.789846,191,605.872242
784.446297,241,606.350724
415.709608,154,606.552019
768.913633,221,607.157988
603.716014,192,607.476869
616.139252,187,607.751362
706.797519,213,608.049034
626.035713,195,608.349271
648.23801,193,608.86051
715.622029,227,609.190682
710.190527,220,609.490711
642.641516,188,609.793908
705.530743,224,610.159816
752.526219,233,610.789744
484.686417,187,611.067223
539.408024,201,611.458724
749.179577,226,611.811319
856.020546,234,612.139289
710.725135,215,612.681729
480.902541,165,612.940108
890.667594,262,613.331132
690.14663,208,613.662485
799.448549,240,614.283301
763.760102,239,614.623942
602.132593,197,614.937975
712.077188,226,615.305516
835.107628,247,615.667472
605.988188,191,616.207268
703.568787,219,616.551436
930.749552,266,616.978441
826.762694,244,617.486855
675.055385,211,618.040634
657.584302,210,618.347875
569.877576,189,618.624049
866.584776,252,618.982322
718.493394,214,619.280348
839.583903,233,619.811295
889.634835,249,620.248922
554.573111,178,620.568449
641.53767,198,620.835403
543.35672,178,621.071968
735.403619,226,621.632846
678.454842,200,621.936312
709.675253,220,622.253125
537.609561,166,622.480222
714.194513,214,622.759722
752.245628,245,623.502904
799.724006,242,623.87373
535.768744,173,624.11441
583.153311,193,624.359933
565.534919,176,624.604222
787.070768,232,625.181164
641.488228,217,625.479598
667.519445,204,625.75352
620.458787,197,626.098181
364.139085,129,626.289013
648.275873,200,626.771615
434.303291,169,626.981039
678.34637,206,627.208205
730.199138,228,627.484651
739.890768,233,627.750666
692.6728,213,628.213197
832.22004,258,628.507497
767.709343,225,628.786347
777.226289,231,629.141419
776.175618,255,629.732464
713.613676,214,630.019997
790.105454,227,630.312664
663.092915,203,630.561709
632.236917,205,630.789771
700.940887,221,631.289002
875.869858,252,631.573613
685.364852,214,631.848062
662.625702,206,632.119598
735.107879,221,632.382244
725.065454,216,632.870929
382.333293,137,633.02093
572.016103,182,633.225209
740.355575,220,633.475974
770.05098,227,633.740784
741.989009,221,634.212768
792.834633,234,634.510509
872.829087,255,634.834133
474.684503,164,635.047592
881.208111,249,635.343378
836.207617,292,635.885087
651.493936,206,636.130874
719.01479,224,636.374945
630.835535,191,636.574093
692.528945,216,637.10418
749.469442,234,637.397309
597.781387,187,637.611716
659.258329,207,637.833145
849.65726,240,638.08722
666.073059,198,638.512247
497.015592,169,638.686012
778.830605,227,638.932264
755.193209,222,639.17116
633.615331,203,639.416919
522.158727,179,639.828709
774.557004,252,640.111718
334.538305,140,640.263056
593.412831,183,640.467665
773.97635,225,640.743833
639.234424,199,641.180534
677.385883,205,641.398985
738.879207,219,641.76417
631.615069,190,641.995405
736.410839,230,642.313216
668.567325,198,642.798104
859.053937,238,643.127258
678.698995,208,643.383064
702.114134,210,643.637499
793.753488,228,643.90796
815.140849,234,644.379304
648.209407,190,644.587173
606.681247,207,644.836386
967.922077,269,645.186317
879.854822,260,645.714553
741.321132,228,645.980542
680.366746,215,646.211293
701.232365,208,646.440406
705.41592,226,646.717871
621.714123,198,647.177916
902.735787,253,647.526977
474.786723,164,647.724096
710.382112,205,647.967234
525.949258,171,648.147931
806.553998,247,648.621457
658.527813,196,648.830571
869.693508,246,649.110229
323.154059,124,649.241902
647.670765,195,649.457443
636.719855,200,649.92316
902.330068,260,650.275399
862.360292,249,650.547699
864.201809,245,650.816572
718.714765,230,651.322247
785.880731,230,651.595524
746.00759,222,651.856098
657.674729,202,652.074868
507.588633,169,652.278539
730.241736,214,652.813624
843.477279,240,653.110357
776.988763,227,653.361269
840.624591,245,653.634714
710.342396,214,653.867398
574.818288,189,654.287243
975.603456,269,654.573274
585.761596,189,654.787439
698.00437,214,655.056342
631.124074,196,655.497546
793.041863,220,655.739888
1005.48827,277,656.065067
640.073122,204,656.294522
770.596491,223,656.540287
758.267293,225,657.009938
918.463134,264,657.308496
1034.84826,275,657.639942
762.609655,221,657.903817
666.149969,221,658.377285
898.750696,258,658.66123
917.983123,267,658.963765
934.070564,275,659.278726
635.091488,195,659.708598
965.442657,277,660.018294
567.610058,187,660.252103
632.06541,214,660.504942
751.603057,222,660.778074
900.500488,259,661.265036
836.829992,240,661.522262
612.650051,197,661.761344
872.119799,248,662.045643
482.797512,172,662.43991
978.670336,285,662.782369
778.624965,233,663.084166
888.195528,248,663.347376
757.128448,231,663.809325
734.363136,222,664.081343
774.803739,229,664.369248
913.191937,245,664.648352
908.756154,269,664.94622
923.441219,252,665.50363
888.138574,257,665.778537
951.032538,263,666.074232
512.23435,192,666.29265
819.501274,238,666.737915
770.153225,223,666.97055
770.160072,225,667.215624
823.525063,231,667.473261
592.217017,182,667.723802
650.213729,205,668.165125
672.717908,202,668.386606
733.614117,214,668.611373
860.954559,244,668.889778
1049.017944,307,669.446871
917.88333,255,669.725883
747.929066,217,669.986919
763.733479,227,670.281625
704.323395,211,670.524829
415.724918,150,670.894876
886.378736,253,671.217393
1070.749866,285,671.534401
600.547144,187,671.73421
898.056292,254,672.334807
657.41857,201,672.609095
940.186993,268,672.972292
777.907788,220,673.232295
754.48685,225,673.481815
753.104728,224,673.976319
745.286845,229,674.23733
604.54214,189,674.432035
933.652317,258,674.729649
938.648233,256,675.266275
488.455347,161,675.448676
772.20373,233,675.710503
599.36847,196,675.926699
1164.864173,307,676.283757
902.054893,257,676.767667
855.240765,251,677.077136
881.5757,249,677.364306
1025.757042,275,677.753513
861.29839,241,678.258236
937.184119,255,678.547334
829.566391,244,678.806362
674.669297,208,679.038447
575.571228,180,679.440398
794.070275,218,679.671254
1169.545896,314,680.05417
652.09203,196,680.335943
724.243836,214,680.788031
1032.341901,273,681.107513
756.578586,223,681.362154
986.974262,269,681.641554
851.410227,249,682.139523
748.898574,213,682.367131
657.382173,203,682.579823
954.996661,276,682.958345
657.844851,201,683.212477
828.117331,249,683.69782
916.541525,256,683.984909
921.542453,263,684.342032
608.861513,187,684.543606
675.411744,203,684.96248
940.834463,261,685.284778
941.932137,271,685.624619
737.059365,214,685.850296
638.35624,199,686.076016
865.271782,253,686.601711
1100.206893,291,686.926269
753.113275,214,687.171169
1023.166733,278,687.520401
643.916622,193,688.028267
1040.963444,292,688.362344
881.310237,249,688.645713
739.261759,233,688.925008
529.381736,174,689.311594
581.915837,184,689.513203
570.927523,186,689.715329
932.072881,263,690.026182
815.786283,244,690.30209
937.265228,260,690.863671
860.330573,249,691.171065
736.047596,227,691.433095
912.016433,247,691.703797
773.441784,225,692.154428
590.724887,193,692.370717
812.647821,229,692.624824
942.005387,290,692.995816
950.553456,273,693.598903
1058.472751,328,693.956062
879.664596,247,694.218484
989.201662,304,694.563555
909.047658,255,695.09927
1049.881476,292,695.441443
972.158245,277,695.776217
1002.212427,284,696.339297
772.599039,222,696.58312
654.365346,202,696.791829
875.532079,240,697.15205
605.642495,200,697.423782
1158.528369,312,698.061122
1000.309597,279,698.45459
805.139428,236,698.771829
703.832568,214,699.060347
853.456518,242,699.616989
1266.564174,362,700.062955
995.051985,277,700.400371
1012.704896,276,700.732823
743.136537,229,701.277704
958.732085,261,701.592319
1033.036455,278,701.880436
1144.982192,306,702.624691
676.567752,199,702.87132
1055.645883,283,703.203663
895.513113,254,703.549492
861.398695,246,703.907059
769.055182,223,704.612436
947.847752,277,705.06036
702.586148,218,705.314888
808.683914,232,705.707459
808.314146,225,706.303557
898.311446,251,706.619365
882.094956,248,706.894991
787.92166,226,707.161595
932.140968,256,707.762655
735.251261,224,708.048413
676.992845,208,708.271331
1235.856828,327,708.626563
591.027274,191,709.052379
552.213202,178,709.262869
958.791018,270,709.652907
925.315589,251,710.105967
974.170401,262,710.720734
912.929799,254,711.480195
817.39257,234,711.809014
975.891877,273,712.18208
570.036684,180,712.425546
1170.925005,310,713.077168
939.42734,258,713.386002
1271.742091,325,713.882982
935.397774,264,714.519997
992.079813,265,714.936033
1312.747171,336,715.497193
917.500166,252,715.932462
1141.514693,314,716.71489
820.242247,240,717.10965
968.550716,262,717.434228
959.378659,277,717.8177
1130.799648,301,718.392772
1016.930705,282,718.716894
429.770693,150,718.924873
761.209577,226,719.222676
1028.142462,286,719.870009
726.099718,225,720.228858
949.246184,258,720.546092
1090.460029,290,720.948489
755.270096,222,721.444848
1033.285611,292,721.821575
956.034198,264,722.209987
631.100891,202,722.421992
1338.817231,348,723.045132
1051.416962,286,723.407899
1185.29521,315,723.752408
866.91467,241,724.244899
931.579029,253,724.537593
1095.920474,293,724.857037
905.265387,263,725.170934
829.239054,251,725.737262
833.283786,246,726.012663
1588.027187,398,726.470075
1030.145157,284,726.809831
623.83077,189,727.24333
1214.692527,328,727.602405
1244.233927,344,728.049092
864.167105,250,728.5424
1142.590738,305,728.88984
959.32973,264,729.218228
1429.779993,363,729.601581
1015.852107,284,730.130629
612.380469,195,730.400283
1081.189944,291,730.761672
712.419599,216,731.012796
1433.63513,361,731.626654
887.148272,242,731.875177
1301.167902,355,732.280603
922.359062,250,732.891145
1111.900027,299,733.29442
957.796437,267,733.60488
1011.681552,276,733.956969
1130.224802,299,734.507888
1373.793825,368,734.886935
828.729258,247,735.195839
782.986818,232,735.662818
776.074213,234,735.967249
783.62876,233,736.235731
701.994499,218,736.518959
722.708652,222,736.770957
256.76091,110,737.097437
1420.197273,356,737.547136
1076.397483,286,737.865894
956.499238,264,738.175473
624.216998,211,738.69218
643.392061,199,738.921627
960.531324,265,739.204385
1498.510034,378,739.62113
968.181962,282,740.166687
939.83249,260,740.497095
612.276819,191,740.704281
825.749878,239,741.053304
1333.33958,338,741.665921
1048.773093,273,741.968805
1054.213594,276,742.279079
750.217132,224,742.524084
951.631325,262,743.030933
657.20022,207,743.305783
821.251413,242,743.62834
866.081367,256,744.016519
1224.8766,325,744.725704
1103.439981,303,745.098583
760.404451,223,745.345871
1112.53739,300,745.910165
917.672255,257,746.243009
1060.345284,287,746.626153
790.981462,232,746.873219
1044.541971,287,747.430287
1413.180545,362,747.865625
1093.856123,296,748.208089
996.742306,281,748.566134
965.071393,270,749.13613
558.174739,175,749.360244
1686.09497,415,749.852472
873.025884,254,750.348362
1299.123713,347,750.738069
1147.453919,306,751.113457
1068.906367,289,751.645197
631.702983,196,751.885233
957.50223,275,752.212008
1473.912025,383,752.61656
912.562685,256,753.096393
836.469063,252,753.391021
1467.070176,367,753.808146
1500.786875,411,754.541547
694.343395,227,754.797615
1306.195801,333,755.15279
1170.941149,379,755.79805
1228.829141,329,756.203932
818.162307,239,756.461276
725.689199,217,756.745623
1298.270712,348,757.377313
821.374529,234,757.629041
1062.536352,294,757.971495
1839.478876,441,758.672734
1465.153872,381,759.188851
1634.294939,407,759.692099
978.530037,267,760.207281
1230.998166,336,760.608027
903.530082,260,760.903734
1010.230253,283,761.236157
1295.10051,338,761.86223
944.991825,272,762.190873
1356.045278,342,762.606706
1308.25889,339,763.289585
1278.567383,330,763.675189
1594.425139,400,764.17769
1355.516452,351,764.815346
935.008057,262,765.109657
1069.748582,288,765.456291
1377.367936,373,766.074658
1289.32825,348,766.472079
1559.57235,389,766.90844
718.396796,216,767.482769
817.221303,231,767.859852
965.533581,274,768.247939
846.787704,249,768.700918
991.870898,283,769.273368
1006.330476,278,769.603853
1259.172291,329,770.013213
929.593543,258,770.348205
978.256381,269,770.937073
1561.79401,392,771.394779
1451.654321,370,771.843557
738.455705,219,772.307246
939.493637,268,772.61776
1014.513273,293,773.00472
950.810922,264,773.297442
948.247218,272,773.810079
1061.490031,296,774.169557
1910.031385,474,774.945767
785.387515,234,775.265339
1450.487732,363,775.711464
1650.646685,418,776.221424
1072.529976,302,776.783838
981.195129,282,777.09214
1056.100875,290,777.414621
1153.310752,308,778.102042
887.89965,258,778.386706
923.080632,254,778.667713
904.735353,259,778.98952
1260.741929,329,779.543105
1519.440189,395,780.007323
931.890363,263,780.343014
1898.311167,505,781.13299
1617.322348,410,781.597077
1251.219378,348,782.193355
1404.748842,365,782.624317
1211.314809,327,783.050262
1310.949554,339,783.647709
1222.481871,326,784.019812
1259.491558,336,784.408935
1625.163975,399,785.043847
1839.574136,502,785.649732
1408.21373,360,786.09649
1001.233591,291,786.638219
1163.341409,297,786.969055
923.882005,283,787.312559
822.784801,245,787.792476
637.811941,202,788.063127
1865.891613,469,788.658952
1603.553493,396,789.307227
922.367075,261,789.61571
1743.68249,441,790.102623
1390.174798,368,790.777982
797.010762,235,791.045856
1348.909361,358,791.435074
1391.114018,343,792.010356
644.14424,201,792.230227
1384.701758,381,792.636982
1145.171207,321,793.161475
1151.556721,315,793.821581
1218.792064,321,794.287069
831.44175,255,794.604121
1205.999654,326,795.286226
875.315705,248,795.690492
953.375851,263,796.023488
1683.920211,418,796.848547
1103.234444,295,797.368896
871.77908,257,797.82267
1284.0235,339,798.343026
1677.426183,424,799.135923
441.467785,155,799.382165
781.976702,230,799.710036
1548.490413,389,800.539361
1567.872829,398,801.011323
853.970153,254,801.412845
1121.045501,299,802.105115
1376.339238,379,802.564675
1200.590066,316,802.954339
973.53607,272,803.292516
1070.813691,294,803.923164
1285.533551,335,804.391419
865.871332,247,804.724329
914.906611,250,805.306456
958.822865,274,805.673313
1301.685752,343,806.23344
1131.430338,304,806.638749
960.483281,264,807.172334
1280.118459,330,807.569216
769.934306,217,807.844065
1110.410564,302,808.600365
1583.875659,405,809.142095
554.932022,188,809.411587
1171.580297,311,809.773305
1320.1731,344,810.434705
889.70035,255,810.741509
1315.429706,344,811.18341
997.67291,267,811.695106
1179.41992,315,812.051009
680.264465,209,812.295607
2063.186052,512,813.119259
1909.542804,447,813.665089
802.781683,220,813.943177
652.970204,204,814.195745
957.193355,276,814.721593
877.909546,246,814.987628
1801.965711,458,815.508444
1203.079818,321,816.126816
1248.426205,331,816.54025
1004.722574,279,816.856354
1019.773459,278,817.366401
579.010726,195,817.583506
1646.860324,400,818.030243
844.503909,241,818.28282
1372.413729,361,819.112174
1059.059068,345,819.782868
1002.41796,277,820.145513
1168.778606,319,820.73667
1196.978959,320,821.105657
770.26392,221,821.364752
1037.879639,285,821.957255
1331.194964,343,822.387211
1126.084692,295,822.74673
1047.477153,286,823.081362
1431.412848,393,823.697413
1670.592145,410,824.23264
678.430459,197,824.496415
1190.848676,309,825.241785
1089.56477,290,825.65172
993.090091,272,826.006069
1395.857206,366,826.775942
1817.240361,476,827.423343
1509.371104,387,828.082567
1303.345736,336,829.081271
915.664387,256,829.502679
1718.848778,430,830.000759
1424.595003,404,830.777252
1129.691754,305,831.196449
925.648645,256,831.475571
1947.469116,483,832.33003
1242.348913,341,832.797496
1259.468653,333,833.582414
867.786896,250,833.982831
1240.692064,328,834.418059
1122.133576,303,834.829255
1238.683224,318,835.532791
852.419325,240,835.860071
577.993003,181,836.089738
1171.476853,311,836.57081
888.896889,279,837.19768
2379.551462,566,837.899051
1439.940988,361,838.606756
965.843227,269,839.037873
781.184256,233,839.546678
1008.213981,287,839.899026
946.07766,266,840.516115
1556.104493,397,840.976469
924.898149,258,841.288613
1351.021398,346,841.942375
1895.885921,460,842.5385
1427.225907,365,842.989939
1384.64621,357,843.579871
1083.279407,294,843.895198
792.149904,241,844.219592
1068.485971,298,844.770401
2150.996454,539,845.505683
1426.054246,382,845.96727
1086.754082,298,846.585315
1453.953024,373,847.10134
2959.917142,764,848.276632
1253.738454,333,848.6899
1505.625034,375,849.341383
1746.428581,422,849.867271
1616.476722,400,850.38944
1343.354982,350,851.098001
1163.434471,314,851.505433
1373.816616,353,851.970937
2144.869356,520,852.88486
1146.223976,310,853.342826
1375.422613,361,853.824942
1155.302906,315,854.49572
1724.240973,422,855.213137
1071.803623,304,855.819858
729.773993,214,856.085973
1297.527205,339,856.496224
1016.225277,280,856.822838
1134.593736,296,857.443771
962.084161,269,857.762295
1206.75903,338,858.192492
513.729891,167,858.409421
762.536369,216,858.907324
1471.025447,375,859.48495
1912.773791,478,860.131876
1301.109436,347,860.733083
1424.590755,375,861.178428
1438.626468,373,861.603456
2167.01432,526,862.519913
2367.948928,574,863.37267
1480.43596,389,863.924681
1255.990114,339,864.359229
1127.204513,324,865.063212
1617.425705,415,865.579161
1753.1333,438,866.147871
1452.518896,380,866.801695
1160.911522,312,867.141461
1724.124251,437,867.89984
449.897866,151,868.068732
1891.02899,495,868.621396
3183.37213,772,869.687133
1675.917959,438,870.30141
1403.466181,366,870.894452
1124.622174,318,871.400305
1236.077214,333,871.791479
2353.676944,594,872.835042
1183.025174,314,873.342903
2762.570766,656,874.335572
1013.516089,314,874.697964
1315.648074,349,875.324521
1167.916212,313,875.697853
1582.692702,402,876.201831
1324.188385,358,876.817187
2278.215477,538,877.442601
3019.240922,707,878.512388
1979.870487,499,879.105573
1219.123454,326,879.694789
1581.653883,412,880.132983
1511.600803,392,880.559511
1805.789477,455,881.376765
994.684826,277,881.674031
2372.479548,581,882.542559
897.087032,254,882.827998
1473.160153,379,883.308887
1548.94705,400,883.999954
1886.246392,469,884.514624
1496.513675,391,884.940409
1684.687201,423,885.634883
1387.339081,357,886.100195
934.820319,262,886.599681
1295.358706,341,886.996727
2337.068328,569,887.638136
1988.82589,495,888.451723
1529.498722,435,888.95288
1054.083102,293,889.490952
2780.972239,672,890.260085
1346.236798,353,890.852969
1798.809427,464,891.417638
1678.887996,425,891.895941
1120.82177,313,892.464281
1661.924638,433,892.935122
1120.364656,317,893.315036
1301.861265,341,894.107371
1334.347566,353,894.509429
1382.476628,362,895.153836
1246.526643,333,895.546715
2733.808896,656,896.342539
1400.66612,395,896.996149
1452.636533,370,897.432763
1294.127661,341,898.013271
2078.183662,680,898.875705
2267.537914,537,899.707243
1249.058889,339,900.08934
2672.744608,629,901.002013
1368.47803,362,901.463826
3524.050992,838,902.622897
3664.187937,961,903.989525
2170.128854,538,904.582349
1034.09207,276,905.064094
2318.963783,572,905.70373
1824.951691,463,906.482819
2391.187649,581,907.266787
1752.282441,439,907.954103
2123.166802,535,908.534496
873.999674,247,908.821174
1278.03683,350,909.478781
1830.231613,469,909.997355
1518.660859,390,910.645707
2358.767324,570,911.345815
1043.956073,282,911.688449
1092.491497,286,912.241252
1499.493894,389,912.698332
648.621529,190,912.920944
1779.669715,442,913.614302
1531.721859,398,914.138499
1313.765185,353,914.527571
3440.249345,1000,915.838503
1876.859307,450,916.64051
1720.522001,452,917.154879
839.061681,231,917.456526
1690.476869,433,918.134678
2227.167807,541,918.764988
2320.897931,576,919.65106
2557.45813,637,920.553015
914.414351,254,920.856343
1866.044449,611,921.580409
1359.495222,349,922.20383
2275.820064,549,922.797935
2040.716171,518,923.568819
1811.545839,462,924.252601
1859.195717,481,925.038244
1063.242028,281,925.362064
2347.498874,594,926.239515
2257.681479,547,926.912874
1770.656206,470,927.644392
912.614588,276,927.955743
2858.982916,705,928.970677
1522.33039,392,929.534765
2833.326673,675,930.598291
960.963397,271,930.901747
1389.395516,358,931.303939
1098.421166,306,931.927881
1709.427426,547,932.547939
1767.76369,485,933.307042
1036.674222,309,933.66246
1617.302817,434,934.233217
1586.122325,421,934.921925
1765.956834,461,935.464856
823.562619,244,935.736973
3194.099389,800,936.861095
1619.924607,420,937.597248
2776.268455,722,938.413273
1286.113972,514,939.200362
2109.515192,544,939.847134
4037.076672,1000,941.184932
799.100127,236,941.631714
919.015328,270,941.960633
3103.236922,774,943.107265
3021.787267,820,944.032326
1759.699852,458,944.80612
1474.16141,420,945.28696
1226.423654,344,945.871252
1363.233727,377,946.309354
1121.516016,304,946.630121
1175.983416,588,947.6015
3210.015434,826,948.774472
3295.436102,863,949.847552
1002.655015,281,950.379465
2683.914537,680,951.121168
2108.929287,542,951.953023
1507.083405,395,952.4532
3906.629173,1000,953.783325
1684.965666,448,954.639896
2252.958081,580,955.353968
2132.847165,569,956.249889
1239.323909,318,956.63309
1868.370342,479,957.420927
1791.644936,456,957.995924
3318.141778,803,959.100466
3476.107114,882,960.333467
3277.042048,770,961.195586
2770.545225,666,962.111039
2219.092259,550,962.997729
2397.358652,582,963.678231
4125.020195,1000,965.005738
1675.379411,426,965.72055
1536.564856,390,966.178091
2278.317263,569,966.986583
4124.061148,1000,968.175865
1739.71078,420,968.875305
2434.151988,608,969.584016
3746.919964,916,970.862211
1784.55443,451,971.582842
1594.10526,412,972.0413
1359.096452,385,972.652955
1760.081409,451,973.203809
1337.525795,371,973.641982
2427.956965,595,974.549632
1809.743723,456,975.072752
2065.327969,502,975.892407
3131.464278,788,976.980456
2168.584145,522,977.580461
2991.323347,723,978.644764
3110.622136,720,979.685126
4011.041137,1000,981.110655
3226.617632,763,981.993083
2935.028075,693,983.015161
2680.880998,676,984.042237
2107.944776,507,984.690612
2080.843385,508,985.519586
2629.977131,635,986.318016
2600.599034,638,987.288755
2360.075127,571,987.932369
2433.132621,577,988.876571
1644.360399,424,989.372225
1051.290276,291,989.894721
1927.432834,453,990.41091
2455.431638,594,991.411784
4409.739838,1000,992.74841
1729.148614,424,993.240121
2592.375571,621,994.305515
3385.175045,808,995.439593
1853.201542,464,995.996442
1375.213696,355,996.449
2806.802139,667,997.386187
2492.319306,630,998.343708
1430.811556,415,998.863426
3683.855664,884,1000.120141
2880.629293,674,1001.099693
2174.525028,523,1001.758482
1970.351357,468,1002.287635
1612.235989,404,1003.085194
1778.705347,445,1003.59563
1787.780253,444,1004.423912
2173.785311,543,1005.012186
3597.023005,832,1006.226133
3232.607162,784,1007.355811
3849.922169,899,1008.593224
3941.999758,943,1010.006049
3176.183941,739,1011.209047
3299.2381,778,1012.916719
1938.406061,480,1013.976147
2346.771886,558,1014.927356
1680.922563,420,1015.668207
4275.758888,1000,1017.225438
1677.256213,422,1017.788146
997.501707,290,1018.144045
3125.184138,723,1019.286214
1327.144827,341,1019.688488
524.295819,177,1019.896844
1680.587674,416,1020.640757
2355.628662,554,1021.371927
1571.71628,401,1022.108534
1588.987153,399,1022.582239
2246.241915,549,1023.441451
1966.22678,481,1024.080142
2638.531167,617,1025.082473
2275.246157,554,1025.736483
1340.202738,343,1026.403117
2391.307248,562,1027.135028
1684.092451,427,1028.003558
2928.503366,664,1028.8246
1712.370812,435,1029.68493
1518.83652,385,1030.210854
1771.10221,441,1031.011402
1497.871289,403,1031.48239
3271.948812,767,1032.739929
1111.726177,298,1033.120675
2261.397798,557,1033.747116
4428.701921,1000,1035.34688
2809.48443,653,1036.391536
394.70375,136,1036.535274
1416.890477,370,1037.234134
1718.864175,423,1037.749038
760.213133,226,1038.100439
1911.562447,499,1038.888745
3296.140834,780,1039.794223
1452.997757,376,1040.474688
1643.06588,415,1041.041737
1886.897829,468,1041.840704
2040.973306,509,1042.496074
3944.516672,934,1044.039203
2629.924268,608,1045.306934
4373.65801,1000,1046.765641
1497.749654,389,1047.26311
2027.364422,484,1048.023752
2564.791353,618,1048.742886
1899.015228,477,1049.593832
2342.746777,563,1050.270012
452.611401,159,1050.449162
1742.973863,433,1051.208675
1717.762775,431,1051.690455
1410.049362,374,1052.481308
2764.260045,652,1053.264319
3777.093468,881,1054.564921
1460.346579,373,1055.079578
869.454181,252,1055.605913
802.154497,235,1055.892131
2517.13867,633,1056.664108
1243.727067,333,1057.315159
4293.123827,1000,1058.725937
2669.031384,627,1059.4637
2944.754666,699,1060.55769
1231.531306,323,1060.971453
2811.227764,653,1061.964384
1857.569316,464,1062.525919
3636.285564,835,1063.782876
2106.21163,505,1064.604087
2080.71319,504,1065.210099
3030.345519,721,1066.373968
3175.296927,735,1067.437098
1937.791509,465,1068.127618
3421.231091,782,1069.482292
1797.85269,440,1069.989282
2785.618087,653,1071.0041
3339.578577,791,1072.194161
1928.727013,459,1072.713013
1950.644619,479,1073.561626
264.602577,113,1073.732272
926.786264,256,1074.0769
2369.332783,613,1075.072832
3476.061877,799,1076.133204
2142.272783,514,1077.007841
1261.536769,336,1077.447023
1568.679279,386,1078.077232
3323.724129,760,1078.992004
4381.805826,954,1080.345267
1991.047129,493,1081.104889
4293.665936,1000,1082.485655
3411.785065,778,1083.55616
2324.135289,553,1084.23132
2592.584082,602,1085.137218
2084.212126,529,1085.726709
2450.441307,572,1086.611639
1480.912623,376,1087.058403
3306.716629,752,1088.136128
1326.309991,334,1088.572384
3058.53372,711,1089.964297
3260.62692,828,1091.366723
881.847437,250,1091.735176
1947.846269,487,1092.429063
1812.336621,444,1093.13778
719.226444,212,1093.391671
2003.613548,488,1093.952118
1417.112748,345,1094.592026
872.857933,235,1094.903461
1175.903935,330,1095.282571
1548.952635,408,1096.003166
2835.10196,749,1096.898363
402.114824,144,1097.342631
2204.049182,533,1098.005434
3687.57537,924,1099.244052
2831.068272,693,1100.223064
1814.136838,488,1100.823149
1765.542665,478,1101.557888
1111.32351,310,1101.917653
1276.752542,334,1102.309464
2555.170332,600,1103.276808
4402.46316,1000,1104.719807
1996.752064,497,1105.340141
3057.324312,697,1106.456422
1206.173209,301,1106.793761
3000.142052,713,1107.895911
1363.09147,370,1108.364162
1576.848938,417,1109.090328
4281.851351,1000,1110.490088
3671.935831,851,1111.78319
1320.981178,413,1112.282168
2288.782172,534,1113.229693
380.171139,143,1113.417713
2524.574101,583,1114.169455
4275.099481,961,1115.518256
3932.815444,933,1116.955684
1340.465297,334,1117.337157
1027.132701,304,1117.885247
2971.91933,741,1118.843717
1302.282523,360,1119.634461
1864.447058,440,1120.207516
3108.355258,769,1121.332009
704.729721,204,1121.605984
558.599332,189,1121.83896
1670.045463,513,1122.671036
2689.19902,618,1123.378016
648.30215,219,1123.809919
1457.757469,379,1124.303298
1991.197917,542,1125.131867
3909.696252,1000,1126.478351
3823.210233,893,1127.597074
1648.252791,402,1128.377418
1921.806321,475,1128.893931
1568.264184,431,1129.628113
3191.482264,727,1130.571076
3353.481721,771,1131.670255
2027.792401,494,1132.489766
4451.276627,1000,1133.860652
2257.69027,548,1134.492574
4102.554242,1000,1135.857028
1592.379525,405,1136.647067
2413.947994,623,1137.396988
4020.631866,1000,1138.864743
3932.102245,933,1140.417743
2301.371949,595,1141.413027
2976.716903,702,1142.300015
1824.953035,431,1143.059136
1461.892669,372,1143.498702
1087.2519,284,1143.799362
1370.830386,340,1144.516947
4234.744938,1000,1146.061314
4310.259935,1000,1147.406359
964.288518,268,1147.731674
876.221215,238,1148.029194
950.499296,257,1148.348807
4289.641339,1000,1149.679595
1469.45791,354,1150.316013
1541.217587,397,1150.747264
777.181935,214,1151.029214
487.353489,183,1151.276942
1208.042582,299,1151.830173
4076.560881,1000,1153.246959
790.66146,221,1153.541171
4224.948751,1000,1154.907221
4007.368309,937,1156.268759
1902.987282,521,1156.835464
4329.718016,1000,1158.297647
2794.555935,670,1159.318284
4301.906372,1000,1160.727795
3035.05413,720,1161.796175
4279.180738,1000,1163.145352
400.39914,144,1163.345703
607.181877,190,1163.558044
865.051423,243,1163.932291
645.393657,196,1164.232306
1659.472723,398,1164.905178
4436.333369,1000,1166.273598
4341.24689,1000,1167.988665
4330.377131,1000,1169.532577
4342.832427,1000,1171.095896
4348.368666,1000,1172.596464
3549.384105,836,1173.601604
3016.376628,701,1174.667304
4188.128591,940,1176.132843
4366.512986,1000,1177.512015
2114.957804,508,1178.398997
4349.832623,1000,1179.731183
760.134534,220,1179.997998
2015.366652,481,1180.605433
4374.486423,1000,1181.963785
4403.22603,1000,1183.450035
4215.02721,1000,1184.798375
844.081063,233,1185.079467
930.348662,250,1185.63222
3223.451352,738,1186.440943
1356.04987,335,1187.045074
4385.546825,1000,1188.60704
735.459661,207,1188.842976
415.182318,144,1189.01842
4056.915953,934,1190.316931
3341.047022,752,1191.392875
2678.523384,660,1192.156188
811.669725,248,1192.663791
4205.070047,1000,1194.118905
4292.391078,1000,1195.24338
2484.111702,631,1196.227099
2591.488283,612,1197.285072
4321.664735,1000,1198.773406
2940.897471,682,1199.515288
2043.481705,502,1200.288687
4400.704154,1000,1201.71362
1433.283691,379,1202.155668
4334.807673,1000,1203.495112
4254.13655,1000,1204.907068
2762.758623,665,1205.856863
4412.006539,1000,1207.294034
1785.139115,437,1207.744956
735.195624,217,1208.023411
3068.961259,714,1209.209657
758.219706,219,1209.480612
1110.042505,294,1210.009388
1248.101421,312,1210.375846
4366.861346,1000,1212.023976
4323.614053,944,1213.516397
2616.863353,608,1214.208354
1465.701727,366,1214.989433
3458.534953,795,1216.127444
4392.532496,1000,1217.472616
876.453905,239,1218.070352
4415.216658,1000,1219.582459
4134.670536,933,1221.070005
1935.570697,462,1221.677848
1785.874521,433,1222.173407
3642.661572,823,1223.4051
1761.28166,437,1224.357596
582.437954,178,1224.58961
4385.004036,1000,1226.634545
893.822285,243,1227.056147
4498.640905,1000,1228.850744
3722.717056,831,1230.245317
1902.482956,457,1230.867619
674.61088,204,1231.457488
834.982457,233,1231.801187
762.777944,216,1232.236739
2023.283349,483,1233.095208
4290.955443,1000,1234.685848
2635.948172,611,1235.713626
2866.987985,687,1236.916804
4386.620088,1000,1239.137795
4358.10973,1000,1241.031252
1825.188241,466,1241.811154
3663.800062,835,1243.427974
842.870088,255,1243.959682
644.882565,196,1244.385182
1681.902221,403,1245.330307
2027.551904,482,1246.033662
991.508468,268,1246.501859
3889.704279,930,1248.39465
3043.697815,739,1249.809552
3033.422999,705,1251.280644
4467.745367,1000,1252.729848
4434.225693,1000,1254.100059
1524.491106,364,1254.525042
2063.863856,498,1255.28514
3316.995544,777,1256.28034
946.209267,257,1256.846552
4401.714224,1000,1258.195886
371.395987,138,1258.340364
4417.264134,1000,1259.773742
4363.035844,1000,1261.372774
2718.344554,631,1262.195581
2699.074071,621,1263.14135
3252.766592,751,1264.314711
4414.596027,1000,1265.71523
3103.022525,709,1266.508738
1384.552842,371,1267.287215
4491.864962,1000,1268.899389
686.734109,204,1269.181907
2617.197714,593,1270.1894
4462.949371,1000,1271.641681
789.155049,243,1272.199226
2797.293685,663,1273.018875
791.443802,228,1273.666383
2874.087393,665,1274.58035
1327.12629,338,1274.975449
4156.934038,1000,1276.359147
4505.446106,1000,1277.71255
1275.783708,326,1278.379693
4412.230256,1000,1279.764427
4328.150604,1000,1281.315095
1915.540302,449,1281.810099
1535.720974,381,1282.44062
1641.386586,405,1282.876071
1056.804941,278,1283.23802
1986.245906,478,1284.000599
4239.703442,935,1285.360503
2321.012017,572,1286.178805
2397.169535,570,1287.226444
4521.271354,1000,1288.752143
3186.61496,722,1289.695723
4319.160708,965,1290.99115
2956.558805,670,1291.987769
4448.389064,1000,1293.341554
4047.158861,888,1294.569455
2985.180139,675,1295.366079
4499.625774,1000,1296.740728
2720.542253,614,1297.688818
3415.108771,790,1298.928314
2742.564966,625,1299.785203
1023.346917,269,1300.384251
4483.736546,1000,1301.691014
4358.321981,1000,1303.164106
3142.407329,750,1304.010463
4424.647499,1000,1305.362698
2579.057559,610,1306.263141
2876.314004,640,1307.327869
4474.57291,1000,1308.688015
4425.100313,1000,1310.072074
3922.162624,900,1311.136635
4471.395376,1000,1312.638835
648.595008,206,1313.132468
2897.246921,665,1313.879737
3587.967056,802,1315.372156
2625.505693,606,1316.414455
4423.090247,973,1317.888791
2426.710745,572,1318.6914
3680.242959,827,1319.990769
621.607932,196,1320.259498
1329.09183,344,1320.654439
2498.148772,594,1321.641803
4527.537532,1000,1322.993877
4530.644399,1000,1325.047782
4383.152389,950,1327.829958
3570.248045,800,1329.172707
4466.011415,1000,1330.790138
1762.007115,435,1331.367105
1835.70378,450,1332.198428
3307.800144,750,1333.897288
3694.829029,831,1335.540309
4413.618671,1000,1337.060405
4521.419748,1000,1338.622284
3494.161995,775,1339.997693
4468.149737,1000,1342.021903
2493.377655,583,1343.431082
1348.725556,347,1344.208265
3649.454379,822,1345.354701
2867.312234,657,1347.092267
758.416048,220,1347.528766
2751.031248,645,1348.887879
1668.101732,396,1349.700021
4467.201435,1000,1351.283724
3831.658718,838,1352.611763
4429.434447,1000,1354.49479
2365.269774,542,1355.42901
4428.712108,1000,1356.874864
4481.391065,1000,1358.311348
1549.514062,391,1358.872403
2682.64061,605,1359.962555
4496.100184,1000,1361.410488
2053.424398,494,1362.067501
4451.114663,1000,1363.750841
4340.422369,1000,1365.215072
3769.312985,844,1366.399565
4533.837779,1000,1367.820855
4479.628479,1000,1369.189408
4410.32608,1000,1370.585813
4279.490255,952,1371.885697
2828.244035,646,1372.688003
2273.568577,533,1373.505687
4318.993838,1000,1374.989765
1849.923579,450,1375.535621
1979.398468,477,1376.356615
698.80089,212,1376.587129
3038.514019,694,1377.589805
4485.050907,1000,1379.004712
4495.396155,1000,1380.645123
4440.822674,1000,1382.063721
4485.171139,1000,1383.328799
4336.639802,1000,1384.72374
405.112883,144,1385.244048
1926.935587,464,1385.808174
4428.643962,1000,1387.323335
4518.881987,1000,1388.803416
4394.338957,1000,1390.248327
4439.13723,1000,1391.725052
3394.6884,778,1393.104114
4193.22988,1000,1394.533558
4506.098651,1000,1396.008478
3770.794185,848,1397.324627
3343.580085,758,1398.302532
499.905981,207,1398.540362
4081.583736,918,1399.859355
4501.370747,1000,1401.252651
2797.766836,638,1402.229527
4487.520297,1000,1403.74162
4451.31123,1000,1405.169957
3554.676741,803,1406.372509
4458.940563,1000,1407.789446
4407.498884,1000,1409.231241
4476.928561,1000,1410.660134
2672.103765,608,1411.392254
2611.487417,595,1412.299459
4565.587881,1000,1413.49789
4472.482818,1000,1414.605344
4265.647299,941,1415.985496
4119.500744,904,1417.106062
4460.58664,1000,1418.292709
4519.412237,1000,1419.353553
4475.514322,1000,1420.490258
1225.356864,315,1420.992166
3187.192704,725,1421.699304
4467.165354,1000,1422.907914
4466.274801,1000,1424.023479
2544.822525,599,1424.843311
4444.581773,1000,1426.058315
3345.323392,761,1427.030906
4433.454287,1000,1428.347021
4514.781911,1000,1429.519737
2863.300816,720,1430.16942
4460.548488,993,1431.274089
4526.030155,1000,1432.387289
4465.858751,1000,1433.521191
601.333013,190,1433.846365
4411.16919,1000,1434.746665
4289.320473,961,1435.726502
2111.361121,522,1436.343262
4442.363574,1000,1437.392562
3412.359765,772,1438.204326
4464.230089,1000,1439.331246
4456.144811,1000,1440.465659
4444.638284,1000,1441.624538
4264.179777,1000,1442.81221
369.046358,138,1442.931253
4377.314783,1000,1443.906454
4453.15128,1000,1444.965957
4495.583445,1000,1446.067015
4420.864296,1000,1447.153123
4441.494308,1000,1448.170329
4401.631364,1000,1449.195352
4400.314922,1000,1450.205961
4416.169373,1000,1451.252099
4440.148182,1000,1452.122442
4440.709991,1000,1453.225621
4406.431957,1000,1454.214264
4479.718458,1000,1455.212563
4082.284698,1000,1456.238187
4471.273693,1000,1457.241217
4395.748386,1000,1458.328789
4423.232535,1000,1459.343794
4422.263721,1000,1460.516543
4389.368859,1000,1461.522327
4413.491877,1000,1462.537609
4434.164952,1000,1463.674288
2683.35624,618,1464.557428
4413.32556,1000,1465.55685
3506.351947,793,1466.424339
4447.413128,1000,1467.399835
4424.134154,1000,1468.445472
4414.248011,1000,1469.542041
4420.147998,1000,1470.411716
1174.791639,402,1470.912532
4374.142051,1000,1471.941793
4415.577965,1000,1472.978164
4388.219674,1000,1474.097871
96.200204,207,1474.296267
4352.264579,1000,1475.44581
2218.870871,530,1476.289947
1443.706893,383,1476.625101
2125.408839,509,1477.068969
4417.426798,1000,1478.205019
1050.118606,308,1478.635956
4413.192922,1000,1479.610041
4387.329485,1000,1480.675414
291.981256,128,1480.778234
3810.444509,855,1481.633458
390.690488,149,1481.773978
2943.445472,687,1482.422678
4472.344363,999,1483.449034
4393.910853,1000,1484.474037
745.947228,229,1484.849102
4187.697749,962,1485.857714
1992.726752,476,1486.267301
269.451177,120,1486.362779
4448.208442,1000,1487.417849
1967.741056,478,1488.070791
4434.918263,1000,1489.080724
4320.919355,1000,1489.948917
4419.642698,1000,1490.946214
4376.195745,1000,1491.982853
131.505353,244,1492.360097
2827.163561,690,1492.936891
2519.763432,589,1493.654759
4343.421267,1000,1494.628121
4417.139007,1000,1495.670078
1497.952221,378,1495.982081
4374.389007,1000,1496.949216
4381.992625,1000,1498.008908
3758.741988,878,1498.882359
3065.063976,712,1499.682972
4253.803635,1000,1500.653534
4368.164377,1000,1501.676564
641.499542,213,1501.845691
3456.978664,852,1502.715589
4219.076984,1000,1503.741504
96.191025,218,1503.924636
4375.396153,1000,1504.942813
1326.585993,354,1505.250585
465.981058,167,1505.390094
4399.928079,1000,1506.489457
4356.166944,1000,1507.524679
4382.522736,1000,1508.519441
466.472509,169,1508.831211
727.668439,279,1509.07146
615.493507,205,1509.266119
4574.238863,1000,1510.247359
4398.372486,1000,1511.301003
4363.937845,1000,1512.333814
4157.471519,1000,1513.335831
4395.506786,1000,1514.380366
4460.073771,1000,1515.372325
4345.358488,1000,1516.382732
4399.290941,1000,1517.358588
4346.594892,1000,1518.425849
